sample_id	component_id	component_size	split	population	super_population	sex	split_seed
HG00096	FC_dc3fc49841f4898d	1	train	GBR	EUR	male	20260916
HG00097	FC_26fbdad89a13f221	1	train	GBR	EUR	female	20260916
HG00099	FC_94c19ac4ff87054c	1	train	GBR	EUR	female	20260916
HG00100	FC_ef465f9751bc9fb5	1	train	GBR	EUR	female	20260916
HG00101	FC_97e79ec6d2a40ab6	1	test	GBR	EUR	male	20260916
HG00102	FC_f63dd8b36ee4ac2c	1	train	GBR	EUR	female	20260916
HG00103	FC_1bede679b67d0931	1	train	GBR	EUR	male	20260916
HG00105	FC_2c2fa3b42bfe1f44	1	train	GBR	EUR	male	20260916
HG00106	FC_738afd653f45a704	1	train	GBR	EUR	female	20260916
HG00107	FC_97e0d7e429f47c9a	1	validation	GBR	EUR	male	20260916
HG00108	FC_43e100bd7d66d21e	1	test	GBR	EUR	male	20260916
HG00109	FC_d24318c278df462c	1	test	GBR	EUR	male	20260916
HG00110	FC_f14d91f20ca0a84d	1	validation	GBR	EUR	female	20260916
HG00111	FC_73f91cacce98c7f6	1	train	GBR	EUR	female	20260916
HG00112	FC_f266a8141d03fe0f	1	test	GBR	EUR	male	20260916
HG00113	FC_f453919dcbe2c550	1	train	GBR	EUR	male	20260916
HG00114	FC_222f456c3d2b25bc	1	test	GBR	EUR	male	20260916
HG00115	FC_229fd07d92ccb6ac	1	train	GBR	EUR	male	20260916
HG00116	FC_2a23d51233246c5c	1	test	GBR	EUR	male	20260916
HG00117	FC_aae69b80dd29def5	1	test	GBR	EUR	male	20260916
HG00118	FC_b6d5fb903fe8aaea	1	train	GBR	EUR	female	20260916
HG00119	FC_3f0a0618fa9ce132	1	train	GBR	EUR	male	20260916
HG00120	FC_c041b0db953560d1	1	test	GBR	EUR	female	20260916
HG00121	FC_2af860d17a8b05a0	1	test	GBR	EUR	female	20260916
HG00122	FC_f22ef96d0a4b5b66	1	train	GBR	EUR	female	20260916
HG00123	FC_b0fdc17ead14ffc8	1	train	GBR	EUR	female	20260916
HG00125	FC_dd0d016759a0da0c	1	train	GBR	EUR	female	20260916
HG00126	FC_df7bcfbe1d905261	1	train	GBR	EUR	male	20260916
HG00127	FC_b02619f1bf923c18	1	train	GBR	EUR	female	20260916
HG00128	FC_e46200cb271d7e88	1	train	GBR	EUR	female	20260916
HG00129	FC_7812acf373a4c356	1	train	GBR	EUR	male	20260916
HG00130	FC_1ea6141e2fa297de	1	train	GBR	EUR	female	20260916
HG00131	FC_c2ea147a0fe31b47	1	validation	GBR	EUR	male	20260916
HG00132	FC_08852be7b012dff4	1	test	GBR	EUR	female	20260916
HG00133	FC_fe3295644317a866	1	train	GBR	EUR	female	20260916
HG00136	FC_dbc6797ced414636	1	train	GBR	EUR	male	20260916
HG00137	FC_3197e897a55e17fd	1	train	GBR	EUR	female	20260916
HG00138	FC_601375d254c807c0	1	train	GBR	EUR	male	20260916
HG00139	FC_1861a4a3c9cf3d8e	1	validation	GBR	EUR	male	20260916
HG00140	FC_003625dfae193270	1	train	GBR	EUR	male	20260916
HG00141	FC_4426301a3ba29384	1	train	GBR	EUR	male	20260916
HG00142	FC_134465577507b348	1	train	GBR	EUR	male	20260916
HG00143	FC_df5f171ddb999bc8	1	train	GBR	EUR	male	20260916
HG00145	FC_6dbd18044ef23639	1	validation	GBR	EUR	male	20260916
HG00146	FC_2de13e8c8346a8c8	1	train	GBR	EUR	female	20260916
HG00148	FC_25a37d79d59b950f	1	train	GBR	EUR	male	20260916
HG00149	FC_2ef35160babf2ca8	1	train	GBR	EUR	male	20260916
HG00150	FC_2846717f20b90c01	1	train	GBR	EUR	female	20260916
HG00151	FC_5632c2e97ed6dc5e	1	validation	GBR	EUR	male	20260916
HG00154	FC_dca45694e509629e	1	train	GBR	EUR	female	20260916
HG00155	FC_f1dac2582bb936f0	1	test	GBR	EUR	male	20260916
HG00157	FC_c429d272c8da5261	1	test	GBR	EUR	male	20260916
HG00158	FC_4362ad1b3905fc37	1	validation	GBR	EUR	female	20260916
HG00159	FC_9fd68a93e7093003	1	validation	GBR	EUR	male	20260916
HG00160	FC_607f71967dd83dfe	1	train	GBR	EUR	male	20260916
HG00171	FC_24d2f7f55ca6e6be	1	validation	FIN	EUR	female	20260916
HG00173	FC_92da3eda93345dba	1	train	FIN	EUR	female	20260916
HG00174	FC_038b8dd82583c213	1	train	FIN	EUR	female	20260916
HG00176	FC_239da48a5d4e7ed8	1	train	FIN	EUR	female	20260916
HG00177	FC_ce2c2b91f26b1581	1	train	FIN	EUR	female	20260916
HG00178	FC_6cae7bfd9247cb5a	1	test	FIN	EUR	female	20260916
HG00179	FC_aa334737361355ba	1	train	FIN	EUR	female	20260916
HG00180	FC_b479b941f6ca5681	1	train	FIN	EUR	female	20260916
HG00181	FC_71d8e7d5814fa1c1	1	train	FIN	EUR	male	20260916
HG00182	FC_5c706606f329f490	1	test	FIN	EUR	male	20260916
HG00183	FC_83c946b61a2b8ac3	1	train	FIN	EUR	male	20260916
HG00185	FC_f3635e182c986ad9	1	test	FIN	EUR	male	20260916
HG00186	FC_27767595a6a3e396	1	validation	FIN	EUR	male	20260916
HG00187	FC_a3c953185cf8b22e	1	train	FIN	EUR	male	20260916
HG00188	FC_85b9025a2e46be17	1	test	FIN	EUR	male	20260916
HG00189	FC_0c7d8eb428a7cfc7	1	train	FIN	EUR	male	20260916
HG00190	FC_1254c81a541ac535	1	train	FIN	EUR	male	20260916
HG00231	FC_e95f9c3ce6efa125	1	validation	GBR	EUR	female	20260916
HG00232	FC_5ba83988d11138a1	1	train	GBR	EUR	female	20260916
HG00233	FC_0df3af67f441a99f	1	test	GBR	EUR	female	20260916
HG00234	FC_33710dfc44f87789	1	train	GBR	EUR	male	20260916
HG00235	FC_137fb87c99277777	1	train	GBR	EUR	female	20260916
HG00236	FC_bd512e1fc0723b61	1	validation	GBR	EUR	female	20260916
HG00237	FC_7000ac9dcc8e7473	1	train	GBR	EUR	female	20260916
HG00238	FC_e681d61d1160289e	1	train	GBR	EUR	female	20260916
HG00239	FC_c85462c200f2613e	1	train	GBR	EUR	female	20260916
HG00240	FC_2056eb12d743a7bc	1	validation	GBR	EUR	female	20260916
HG00242	FC_d69615667e72f318	1	train	GBR	EUR	male	20260916
HG00243	FC_2ddc8ba5818bdd4d	1	train	GBR	EUR	male	20260916
HG00244	FC_c2c7e8389e8427f9	1	train	GBR	EUR	male	20260916
HG00245	FC_724087332ca58bea	1	train	GBR	EUR	female	20260916
HG00246	FC_5825cc944de63d6d	1	train	GBR	EUR	male	20260916
HG00250	FC_be01a74cc6c7c5e6	1	train	GBR	EUR	female	20260916
HG00251	FC_12a5337181d71da0	1	validation	GBR	EUR	male	20260916
HG00252	FC_1e67a427dd12bf8b	1	train	GBR	EUR	male	20260916
HG00253	FC_cfa06d3fba057aa1	1	train	GBR	EUR	female	20260916
HG00254	FC_8f1f81580031e7ef	1	train	GBR	EUR	female	20260916
HG00255	FC_10106f88484207b8	1	train	GBR	EUR	female	20260916
HG00256	FC_6edae0632fe7a267	1	test	GBR	EUR	male	20260916
HG00257	FC_bf5791ee8b7443c6	1	validation	GBR	EUR	female	20260916
HG00258	FC_96cbf7cc41418b3c	1	train	GBR	EUR	female	20260916
HG00259	FC_8bc94b2b14afa892	1	train	GBR	EUR	female	20260916
HG00260	FC_79b4091af866c650	1	test	GBR	EUR	male	20260916
HG00261	FC_c078a7386b4f138e	1	validation	GBR	EUR	female	20260916
HG00262	FC_136247502d88b3f2	1	train	GBR	EUR	female	20260916
HG00263	FC_3767264193bd5aaf	1	train	GBR	EUR	female	20260916
HG00264	FC_38d79d95a84a4da4	1	train	GBR	EUR	male	20260916
HG00265	FC_d5b0c945a5031a26	1	train	GBR	EUR	male	20260916
HG00266	FC_650b6ae0ffcd3ea1	1	train	FIN	EUR	female	20260916
HG00267	FC_5fbfc7532507ad8c	1	validation	FIN	EUR	male	20260916
HG00268	FC_95408ccc59e220ea	1	train	FIN	EUR	female	20260916
HG00269	FC_c557353cb58686ac	1	train	FIN	EUR	female	20260916
HG00271	FC_bf0f0a13bac967fe	1	train	FIN	EUR	male	20260916
HG00272	FC_b4a90589dc98ae81	1	train	FIN	EUR	female	20260916
HG00273	FC_90dec4ee48a17a7c	1	validation	FIN	EUR	male	20260916
HG00274	FC_7ed042e59eae7d3e	1	validation	FIN	EUR	female	20260916
HG00275	FC_4f76f958d3c3afab	1	train	FIN	EUR	female	20260916
HG00276	FC_0aa75510759c0c9d	1	train	FIN	EUR	female	20260916
HG00277	FC_4eae9a961049b005	1	train	FIN	EUR	male	20260916
HG00278	FC_78421798754a80dc	1	train	FIN	EUR	male	20260916
HG00280	FC_b80598e00a300f1f	1	train	FIN	EUR	male	20260916
HG00281	FC_fd561630aaaa206b	1	train	FIN	EUR	female	20260916
HG00282	FC_f0f586ea1429e8cb	1	validation	FIN	EUR	female	20260916
HG00284	FC_73dde590ef94b51a	1	train	FIN	EUR	male	20260916
HG00285	FC_e471d7015ab426d4	1	test	FIN	EUR	female	20260916
HG00288	FC_13006f5035dbbe24	1	test	FIN	EUR	female	20260916
HG00290	FC_857d86d106329977	1	train	FIN	EUR	male	20260916
HG00304	FC_6d0fd3ec3efe4696	1	train	FIN	EUR	female	20260916
HG00306	FC_8d8cf1ccda589908	1	train	FIN	EUR	female	20260916
HG00308	FC_ac135b876905ecdc	1	validation	FIN	EUR	male	20260916
HG00309	FC_ab9177b7616a7f94	1	validation	FIN	EUR	female	20260916
HG00310	FC_0caa766dc0bf0b41	1	train	FIN	EUR	male	20260916
HG00311	FC_64044d04db2e7fd6	1	train	FIN	EUR	male	20260916
HG00313	FC_ff4abd0b9071354a	1	test	FIN	EUR	female	20260916
HG00315	FC_7844257c340ffd83	1	test	FIN	EUR	female	20260916
HG00318	FC_2bf9b5a20c266c96	1	validation	FIN	EUR	female	20260916
HG00319	FC_65eca4a6cc947e5f	1	train	FIN	EUR	female	20260916
HG00320	FC_654bffda494ef15e	1	validation	FIN	EUR	female	20260916
HG00321	FC_c2a7e43eb9f85127	1	train	FIN	EUR	male	20260916
HG00323	FC_f7a1e07367b36446	1	train	FIN	EUR	female	20260916
HG00324	FC_87ed800a3de3d562	1	validation	FIN	EUR	female	20260916
HG00325	FC_fcb6ea0519a0e57b	1	train	FIN	EUR	male	20260916
HG00326	FC_6dbaf8af987b3603	1	train	FIN	EUR	female	20260916
HG00327	FC_6945e31ed2f019d5	1	train	FIN	EUR	female	20260916
HG00328	FC_edce9312b0328cea	1	validation	FIN	EUR	female	20260916
HG00329	FC_1dac21b690e1ad80	1	test	FIN	EUR	male	20260916
HG00330	FC_7721932ae3d0419d	1	train	FIN	EUR	female	20260916
HG00331	FC_a48fa35628b928fe	1	train	FIN	EUR	female	20260916
HG00332	FC_e87ddcea745dcc30	1	train	FIN	EUR	female	20260916
HG00334	FC_b7c5862a64041828	1	train	FIN	EUR	female	20260916
HG00335	FC_cbe9858cd27bf634	1	train	FIN	EUR	male	20260916
HG00336	FC_ac450f5211a8cac2	1	train	FIN	EUR	male	20260916
HG00337	FC_66401f7a2a2ac21c	1	train	FIN	EUR	female	20260916
HG00338	FC_d1c2608f7fbf06da	1	validation	FIN	EUR	male	20260916
HG00339	FC_770a784fe94c2d11	1	train	FIN	EUR	female	20260916
HG00341	FC_c87b7af769797d80	1	train	FIN	EUR	male	20260916
HG00342	FC_8aa5ac869a129b4c	1	validation	FIN	EUR	male	20260916
HG00343	FC_115937e2387a956f	1	train	FIN	EUR	female	20260916
HG00344	FC_419fc119464de2ec	1	validation	FIN	EUR	female	20260916
HG00345	FC_5d2d1e869f838b25	1	train	FIN	EUR	male	20260916
HG00346	FC_82417dcfe55e5c86	1	train	FIN	EUR	female	20260916
HG00349	FC_fbe6eca82bf456dc	1	test	FIN	EUR	female	20260916
HG00350	FC_321e8b3d2237dd74	1	train	FIN	EUR	female	20260916
HG00351	FC_40f997a3358b577e	1	train	FIN	EUR	male	20260916
HG00353	FC_0886ce8c6ec85681	1	validation	FIN	EUR	female	20260916
HG00355	FC_f0a7877c1c2d0174	1	train	FIN	EUR	female	20260916
HG00356	FC_2797300d12bf913d	1	train	FIN	EUR	female	20260916
HG00357	FC_5bffc52cceae962a	1	train	FIN	EUR	female	20260916
HG00358	FC_0a1264fe5fa71e48	1	train	FIN	EUR	male	20260916
HG00360	FC_58608a4c409f3d37	1	train	FIN	EUR	male	20260916
HG00361	FC_5f50b482ec22b673	1	train	FIN	EUR	female	20260916
HG00362	FC_8cb0adb5bc096b86	1	train	FIN	EUR	female	20260916
HG00364	FC_ac0fa59a42a68bbd	1	train	FIN	EUR	female	20260916
HG00365	FC_df3cb825b16cbade	1	train	FIN	EUR	female	20260916
HG00366	FC_d1695bca79bd7bbb	1	train	FIN	EUR	male	20260916
HG00367	FC_b9f497a99ee10c5d	1	train	FIN	EUR	female	20260916
HG00368	FC_471081554e691f30	1	train	FIN	EUR	female	20260916
HG00369	FC_9cdd39e86c96c946	1	train	FIN	EUR	male	20260916
HG00371	FC_de73fb7b0f7ac89a	1	validation	FIN	EUR	male	20260916
HG00372	FC_42993c3784fe524b	1	validation	FIN	EUR	male	20260916
HG00373	FC_3065bb44fce581cb	1	train	FIN	EUR	female	20260916
HG00375	FC_f01f63a608f4c01f	1	train	FIN	EUR	male	20260916
HG00376	FC_a9a0f45531f63316	1	test	FIN	EUR	female	20260916
HG00378	FC_38cae94317167148	1	train	FIN	EUR	female	20260916
HG00379	FC_d20bf0c2c9e71054	1	validation	FIN	EUR	female	20260916
HG00380	FC_6259eed748655231	1	train	FIN	EUR	female	20260916
HG00381	FC_df9765b3b27145ae	1	train	FIN	EUR	female	20260916
HG00382	FC_d48bcd121ea2fbcb	1	train	FIN	EUR	male	20260916
HG00383	FC_cf092c7fc9c97d9d	1	test	FIN	EUR	female	20260916
HG00384	FC_e29f115872af11a5	1	train	FIN	EUR	female	20260916
HG00403	FC_b6f0b76ed045342e	1	test	CHS	EAS	male	20260916
HG00404	FC_2ba9de82240a708e	1	train	CHS	EAS	female	20260916
HG00406	FC_bbbeb8c63d000ec4	1	train	CHS	EAS	male	20260916
HG00407	FC_db4485f9f6483c50	1	train	CHS	EAS	female	20260916
HG00409	FC_eeef1207b418256a	1	train	CHS	EAS	male	20260916
HG00410	FC_ee36a2bdf0506cda	1	train	CHS	EAS	female	20260916
HG00419	FC_477de940eb3c6fd4	1	train	CHS	EAS	female	20260916
HG00421	FC_b7822cae7ec19064	1	train	CHS	EAS	male	20260916
HG00422	FC_e545b3c07bea77ef	1	test	CHS	EAS	female	20260916
HG00428	FC_d251b015bcb047b5	1	train	CHS	EAS	female	20260916
HG00436	FC_f43201dca452482e	1	train	CHS	EAS	male	20260916
HG00437	FC_de750b31d8b5db1a	1	train	CHS	EAS	female	20260916
HG00442	FC_8e0621aafd47f591	1	train	CHS	EAS	male	20260916
HG00443	FC_834ae720c414e293	1	test	CHS	EAS	female	20260916
HG00445	FC_d5f0f8e357ed2e32	1	train	CHS	EAS	male	20260916
HG00446	FC_c66e1c3f5f2f26cd	1	train	CHS	EAS	female	20260916
HG00448	FC_8344c145b1da4ed1	1	train	CHS	EAS	male	20260916
HG00449	FC_15a1baae336bc67f	1	validation	CHS	EAS	female	20260916
HG00451	FC_a942dffe9d89d913	1	train	CHS	EAS	male	20260916
HG00452	FC_01f21c0ec883c578	1	train	CHS	EAS	female	20260916
HG00457	FC_c347a9afa2532963	1	train	CHS	EAS	male	20260916
HG00458	FC_bbcd84a140a9cb3e	1	train	CHS	EAS	female	20260916
HG00463	FC_465eb0b95bd6244c	1	train	CHS	EAS	male	20260916
HG00464	FC_b258b32e8d10e84c	1	train	CHS	EAS	female	20260916
HG00472	FC_f80607d7c760f229	1	train	CHS	EAS	male	20260916
HG00473	FC_ab7ebe7cd09e6237	1	train	CHS	EAS	female	20260916
HG00475	FC_7e32c8e58efa3110	1	train	CHS	EAS	male	20260916
HG00476	FC_6a955b53f27acc91	1	train	CHS	EAS	female	20260916
HG00478	FC_f44cafb653798fd4	1	train	CHS	EAS	male	20260916
HG00479	FC_7a33ebc1dafc78ed	1	train	CHS	EAS	female	20260916
HG00500	FC_e22b05d8ebe15b41	1	test	CHS	EAS	male	20260916
HG00513	FC_89c0b61240ef0f5a	1	train	CHS	EAS	female	20260916
HG00524	FC_47c7c66b987192e6	1	train	CHS	EAS	male	20260916
HG00525	FC_3c179737c356263f	1	train	CHS	EAS	female	20260916
HG00530	FC_61934162b70c8b8f	1	train	CHS	EAS	male	20260916
HG00531	FC_5fc33ae874b122ca	1	train	CHS	EAS	female	20260916
HG00533	FC_bd67efc9636ef245	1	train	CHS	EAS	male	20260916
HG00534	FC_0a78a30aff5c701d	1	train	CHS	EAS	female	20260916
HG00536	FC_e5c6ecd94b822dcc	1	test	CHS	EAS	male	20260916
HG00537	FC_8b25f77c848316fd	1	train	CHS	EAS	female	20260916
HG00542	FC_20b3ad605d29a5ec	1	train	CHS	EAS	male	20260916
HG00543	FC_4eea836ae1ece33f	1	train	CHS	EAS	female	20260916
HG00551	FC_28f1b5816b596d60	1	validation	PUR	AMR	female	20260916
HG00553	FC_e0a1628256f94ef0	1	train	PUR	AMR	male	20260916
HG00554	FC_1bbfbbcdd968691d	1	train	PUR	AMR	female	20260916
HG00556	FC_e80ad671ce3ca1f8	1	train	CHS	EAS	male	20260916
HG00557	FC_cb2612607398379c	1	train	CHS	EAS	female	20260916
HG00559	FC_36e8df5efd6ffc69	1	train	CHS	EAS	male	20260916
HG00560	FC_aa36f1a77bc04d12	1	train	CHS	EAS	female	20260916
HG00565	FC_c5b515456cc22d40	1	test	CHS	EAS	male	20260916
HG00566	FC_5881496371284c13	1	train	CHS	EAS	female	20260916
HG00580	FC_5274de3a16b6726c	1	train	CHS	EAS	male	20260916
HG00581	FC_5ea16a83c3858cb0	1	train	CHS	EAS	female	20260916
HG00583	FC_27abce776990ae22	1	train	CHS	EAS	male	20260916
HG00584	FC_d71fa042e7c54577	1	train	CHS	EAS	female	20260916
HG00589	FC_b3b4569e4a6e185a	1	train	CHS	EAS	male	20260916
HG00590	FC_014421bef8d4e0db	1	train	CHS	EAS	female	20260916
HG00592	FC_a14a6c6cd7a71f29	1	test	CHS	EAS	male	20260916
HG00593	FC_e6f85be6ae3e0787	1	train	CHS	EAS	female	20260916
HG00595	FC_4262322b19517d7b	1	train	CHS	EAS	male	20260916
HG00596	FC_7804afda988acce4	1	train	CHS	EAS	female	20260916
HG00598	FC_7b69d340d79cb04f	1	train	CHS	EAS	male	20260916
HG00599	FC_8fff32322982ec93	1	test	CHS	EAS	female	20260916
HG00607	FC_5abc8a47c5a55cb8	1	train	CHS	EAS	male	20260916
HG00608	FC_8179a63b78d8cd1d	1	train	CHS	EAS	female	20260916
HG00610	FC_656cdba0d144ba0b	1	train	CHS	EAS	male	20260916
HG00611	FC_ada3f0044a047005	1	validation	CHS	EAS	female	20260916
HG00613	FC_eb202d88de80b326	1	validation	CHS	EAS	male	20260916
HG00614	FC_7acdf86997626028	1	validation	CHS	EAS	female	20260916
HG00619	FC_4cc17c830bb8725b	1	train	CHS	EAS	male	20260916
HG00620	FC_318510ef76e13dfa	1	train	CHS	EAS	female	20260916
HG00622	FC_7477d9fe69442ef1	1	test	CHS	EAS	male	20260916
HG00623	FC_4029463f32b3625c	1	validation	CHS	EAS	female	20260916
HG00625	FC_036ee2e27805db13	1	train	CHS	EAS	male	20260916
HG00626	FC_b319d8aea43d6a7c	1	train	CHS	EAS	female	20260916
HG00628	FC_d3db841e5552c1a6	1	test	CHS	EAS	male	20260916
HG00629	FC_194e2c6dcb5827ec	1	train	CHS	EAS	female	20260916
HG00631	FC_c55c47e62db1c536	1	test	CHS	EAS	male	20260916
HG00632	FC_d0842027be876a3e	1	train	CHS	EAS	female	20260916
HG00634	FC_cbad0a3aa11a742a	1	validation	CHS	EAS	male	20260916
HG00637	FC_5c70668202b18eb7	1	train	PUR	AMR	male	20260916
HG00638	FC_ab34d3c31c19f43b	1	validation	PUR	AMR	female	20260916
HG00640	FC_455231accedd60b5	1	train	PUR	AMR	male	20260916
HG00641	FC_d5e1c8ae7a2db51d	1	train	PUR	AMR	female	20260916
HG00650	FC_ca68141f77e3dd77	1	train	CHS	EAS	male	20260916
HG00651	FC_ef45122e09786ea7	1	validation	CHS	EAS	female	20260916
HG00653	FC_b314bdfbc7ca239f	1	validation	CHS	EAS	male	20260916
HG00654	FC_61a2bca6b799fa99	1	validation	CHS	EAS	female	20260916
HG00656	FC_0eac2be0fca229d6	1	train	CHS	EAS	male	20260916
HG00657	FC_6bc5f692c873e7d8	1	train	CHS	EAS	female	20260916
HG00662	FC_9a318265185182b9	1	validation	CHS	EAS	male	20260916
HG00663	FC_0a12cd1def109895	1	train	CHS	EAS	female	20260916
HG00671	FC_fbe4b612fc9a0088	1	test	CHS	EAS	male	20260916
HG00672	FC_10114d13cce3e850	1	train	CHS	EAS	female	20260916
HG00674	FC_8cb808ddc54a2e68	1	train	CHS	EAS	male	20260916
HG00675	FC_be1c0fa8b9254ac5	1	validation	CHS	EAS	female	20260916
HG00683	FC_abb6e658ef0d7ee9	1	validation	CHS	EAS	male	20260916
HG00684	FC_218873b6c16d4c40	1	train	CHS	EAS	female	20260916
HG00689	FC_4a2ec6fd98516671	1	train	CHS	EAS	male	20260916
HG00690	FC_4c89527b45e6863c	1	train	CHS	EAS	female	20260916
HG00692	FC_563bd65d1cf48560	1	train	CHS	EAS	male	20260916
HG00693	FC_52002642f062d430	1	train	CHS	EAS	female	20260916
HG00698	FC_cb5912017ea8e9c6	1	test	CHS	EAS	male	20260916
HG00699	FC_7e6fc30713698ab4	1	test	CHS	EAS	female	20260916
HG00701	FC_f26c2f69d212563a	1	train	CHS	EAS	male	20260916
HG00704	FC_72d98e049801402c	1	train	CHS	EAS	male	20260916
HG00705	FC_3c426ffad1108cab	1	test	CHS	EAS	female	20260916
HG00707	FC_495186e6e3e1d6b2	1	train	CHS	EAS	male	20260916
HG00708	FC_c84aca0a1490e562	1	validation	CHS	EAS	female	20260916
HG00717	FC_5c9a8aae15ba065c	1	train	CHS	EAS	female	20260916
HG00728	FC_e32d5748c607ef4f	1	train	CHS	EAS	male	20260916
HG00729	FC_fac362b4a44acf81	1	test	CHS	EAS	female	20260916
HG00731	FC_d78a7d94033dfad2	1	train	PUR	AMR	male	20260916
HG00732	FC_7271d0719838f34d	1	train	PUR	AMR	female	20260916
HG00734	FC_9a769426c1d45d1c	1	train	PUR	AMR	female	20260916
HG00736	FC_b33f7a828f8be00b	1	test	PUR	AMR	male	20260916
HG00737	FC_200e3e8c57268314	1	train	PUR	AMR	female	20260916
HG00739	FC_4d242eae7076dc72	1	validation	PUR	AMR	male	20260916
HG00740	FC_733f8a12fa007883	1	test	PUR	AMR	female	20260916
HG00742	FC_2c68dc97a1112e91	1	train	PUR	AMR	male	20260916
HG00743	FC_842a47901f6611d9	1	train	PUR	AMR	female	20260916
HG00759	FC_e73e0a343da53064	1	train	CDX	EAS	female	20260916
HG00766	FC_cd667a6d08fd9112	1	train	CDX	EAS	female	20260916
HG00844	FC_1535c34a6e2cf081	1	train	CDX	EAS	male	20260916
HG00851	FC_768c71b412772038	1	train	CDX	EAS	female	20260916
HG00864	FC_e3da225bf21a2a6e	1	train	CDX	EAS	female	20260916
HG00867	FC_d79a9d79960a1248	1	train	CDX	EAS	female	20260916
HG00879	FC_8cd36b66a0ffc53a	1	train	CDX	EAS	female	20260916
HG00881	FC_2943444f557fbc31	1	train	CDX	EAS	male	20260916
HG00956	FC_1a9d41159b9fd22f	1	train	CDX	EAS	female	20260916
HG00978	FC_c5d00976bc8b6928	1	validation	CDX	EAS	female	20260916
HG00982	FC_f92c39efe1778f11	1	test	CDX	EAS	male	20260916
HG01028	FC_0bed41dbaded6689	1	train	CDX	EAS	male	20260916
HG01029	FC_ce57ee5527ba3d69	1	train	CDX	EAS	female	20260916
HG01031	FC_81b5727859ae549e	1	train	CDX	EAS	male	20260916
HG01046	FC_86d2f1efaf2c70ad	1	test	CDX	EAS	female	20260916
HG01047	FC_101c8d4c65b55313	1	train	PUR	AMR	male	20260916
HG01048	FC_496767ba59de8471	1	train	PUR	AMR	male	20260916
HG01049	FC_64e6ec349a9c07d1	1	train	PUR	AMR	female	20260916
HG01051	FC_b5b1ef71fa09b220	1	train	PUR	AMR	male	20260916
HG01052	FC_5e240300ddf12317	1	validation	PUR	AMR	female	20260916
HG01054	FC_0a312752f567480a	1	validation	PUR	AMR	male	20260916
HG01055	FC_e721c651648608a6	1	train	PUR	AMR	female	20260916
HG01058	FC_1c41c12d27a69405	1	train	PUR	AMR	female	20260916
HG01060	FC_0e2a2a8a46f93baa	1	train	PUR	AMR	male	20260916
HG01061	FC_edc1d03b8d5742e1	1	train	PUR	AMR	female	20260916
HG01063	FC_df8236db54114bb6	1	train	PUR	AMR	male	20260916
HG01064	FC_10ec82aae7f00acc	1	train	PUR	AMR	female	20260916
HG01066	FC_96944dbb2b0e0f1f	1	test	PUR	AMR	male	20260916
HG01067	FC_ce4dec73ff459ee6	1	train	PUR	AMR	female	20260916
HG01069	FC_f12bea84cb25b4e5	1	train	PUR	AMR	male	20260916
HG01070	FC_c4075e03607fa9ac	1	validation	PUR	AMR	female	20260916
HG01072	FC_95182011fc9f5d85	1	validation	PUR	AMR	male	20260916
HG01073	FC_34972b37a01bc7a5	1	train	PUR	AMR	female	20260916
HG01075	FC_dba59988b7db08e4	1	test	PUR	AMR	male	20260916
HG01077	FC_acbed393e700175a	1	validation	PUR	AMR	female	20260916
HG01079	FC_b26a5654ebef443d	1	train	PUR	AMR	male	20260916
HG01080	FC_caec73604af62f69	1	train	PUR	AMR	female	20260916
HG01082	FC_d158d03ca665f28f	1	train	PUR	AMR	male	20260916
HG01083	FC_c5c7a85afafa557a	1	train	PUR	AMR	female	20260916
HG01085	FC_5a9273753982830d	1	train	PUR	AMR	male	20260916
HG01086	FC_bd75a22ded2d39ac	1	train	PUR	AMR	female	20260916
HG01088	FC_d44d013ccb47d8bd	1	train	PUR	AMR	male	20260916
HG01089	FC_503dce339836a6eb	1	train	PUR	AMR	female	20260916
HG01092	FC_cd144d0f80a1b877	1	train	PUR	AMR	female	20260916
HG01094	FC_98d747a4e9777ae1	1	train	PUR	AMR	male	20260916
HG01095	FC_b27d2e5ab421fa92	1	train	PUR	AMR	female	20260916
HG01097	FC_0653324f083d704b	1	test	PUR	AMR	male	20260916
HG01098	FC_8164a05aaaaedb96	1	train	PUR	AMR	female	20260916
HG01101	FC_c9f73dc400819a16	1	train	PUR	AMR	male	20260916
HG01102	FC_d0ee19ae3c570986	1	validation	PUR	AMR	female	20260916
HG01104	FC_db32e5c4e0d98fb0	1	train	PUR	AMR	male	20260916
HG01105	FC_7c6e89787a88d030	1	train	PUR	AMR	female	20260916
HG01107	FC_c00fe067d1bcfe10	1	train	PUR	AMR	male	20260916
HG01108	FC_ff7fe8dbfe039d3f	1	train	PUR	AMR	female	20260916
HG01110	FC_afeecee8dddf4843	1	train	PUR	AMR	male	20260916
HG01111	FC_848664eb647b39b5	1	validation	PUR	AMR	female	20260916
HG01112	FC_65aeb9f7129d540f	1	validation	CLM	AMR	male	20260916
HG01113	FC_75dc6ecce5f7405f	1	train	CLM	AMR	female	20260916
HG01119	FC_667c0db4472eda20	1	train	CLM	AMR	female	20260916
HG01121	FC_98ecb2613871ebaa	1	train	CLM	AMR	male	20260916
HG01122	FC_401cb48f9c01fa9b	1	train	CLM	AMR	female	20260916
HG01124	FC_cc93bd0d7c0d3a33	1	validation	CLM	AMR	male	20260916
HG01125	FC_c60b4504a21d9e42	1	validation	CLM	AMR	female	20260916
HG01130	FC_01c9cba9c33a9d21	1	train	CLM	AMR	male	20260916
HG01131	FC_6e1d66e3990b6d33	1	test	CLM	AMR	female	20260916
HG01133	FC_9099487ecd8fa314	1	train	CLM	AMR	male	20260916
HG01134	FC_8bf6dc45fa205465	1	test	CLM	AMR	female	20260916
HG01136	FC_5ef3135ad33b06d2	1	test	CLM	AMR	male	20260916
HG01137	FC_5211c1b5cf006082	1	train	CLM	AMR	female	20260916
HG01139	FC_707b9d2232eabfc0	1	train	CLM	AMR	male	20260916
HG01140	FC_5e2d3066cb40b1de	1	train	CLM	AMR	female	20260916
HG01142	FC_bd96926bd758a2e9	1	train	CLM	AMR	male	20260916
HG01148	FC_2ce0b25f0e67a126	1	test	CLM	AMR	male	20260916
HG01149	FC_8ff9c94953afb5fa	1	validation	CLM	AMR	female	20260916
HG01161	FC_b25a4e0e3a82fc4b	1	train	PUR	AMR	male	20260916
HG01162	FC_6b1726bee976429a	1	train	PUR	AMR	female	20260916
HG01164	FC_4dc1f4c884b2a3c7	1	train	PUR	AMR	male	20260916
HG01167	FC_61fa8747e637716d	1	train	PUR	AMR	male	20260916
HG01168	FC_a2d81eb4dbac68d6	1	test	PUR	AMR	female	20260916
HG01170	FC_74581429db3aa62b	1	test	PUR	AMR	male	20260916
HG01171	FC_36dad14e2160296b	1	train	PUR	AMR	female	20260916
HG01173	FC_f4cd7a3b73c9e5c3	1	train	PUR	AMR	male	20260916
HG01174	FC_464fe9f333c72503	1	train	PUR	AMR	female	20260916
HG01176	FC_43c055611705d33d	1	train	PUR	AMR	male	20260916
HG01177	FC_20115c440eaecac0	1	train	PUR	AMR	female	20260916
HG01182	FC_6633cef5dc6b9b21	1	test	PUR	AMR	male	20260916
HG01183	FC_2f11a6cc34d311e0	1	train	PUR	AMR	female	20260916
HG01187	FC_b5c911fc270a907c	1	test	PUR	AMR	male	20260916
HG01188	FC_d327e2d5b75d11c4	1	train	PUR	AMR	female	20260916
HG01190	FC_1c52e1b214bcf00c	1	validation	PUR	AMR	male	20260916
HG01191	FC_43baf758cd85e7d0	1	train	PUR	AMR	female	20260916
HG01197	FC_7542c821c6f62414	1	train	PUR	AMR	male	20260916
HG01198	FC_8b89305ee3380151	1	validation	PUR	AMR	female	20260916
HG01200	FC_a839712bbd9d3f92	1	train	PUR	AMR	male	20260916
HG01204	FC_049b6474d67c1113	1	test	PUR	AMR	male	20260916
HG01205	FC_ffa06e2f26aa32fa	1	validation	PUR	AMR	female	20260916
HG01241	FC_42c0bd6bac7b99d1	1	train	PUR	AMR	male	20260916
HG01242	FC_ea91b909125a0301	1	train	PUR	AMR	female	20260916
HG01247	FC_9d8a3635a5d58f7d	1	validation	PUR	AMR	male	20260916
HG01248	FC_b235c868d150f70b	1	train	PUR	AMR	female	20260916
HG01250	FC_861e331d1a21cef9	1	train	CLM	AMR	male	20260916
HG01251	FC_d0d53dd0cccd7aaf	1	train	CLM	AMR	female	20260916
HG01253	FC_d1584b1fd575499f	1	train	CLM	AMR	male	20260916
HG01254	FC_d48dab1ca71b9e4e	1	train	CLM	AMR	female	20260916
HG01256	FC_c35f3512bacd9fb2	1	train	CLM	AMR	male	20260916
HG01257	FC_9153ac0c53829f7d	1	train	CLM	AMR	female	20260916
HG01259	FC_82702af075b496bc	1	test	CLM	AMR	male	20260916
HG01260	FC_639525967958b520	1	train	CLM	AMR	female	20260916
HG01269	FC_b1a87eb901928396	1	train	CLM	AMR	female	20260916
HG01271	FC_6a9affe281fa5c20	1	train	CLM	AMR	male	20260916
HG01272	FC_24726d5241f0259d	1	train	CLM	AMR	female	20260916
HG01275	FC_0387b0aa85f37572	1	train	CLM	AMR	female	20260916
HG01277	FC_9ef02a0c42a9be53	1	train	CLM	AMR	male	20260916
HG01280	FC_29e72afe5fe47429	1	validation	CLM	AMR	male	20260916
HG01281	FC_e9d65f89720eeb83	1	train	CLM	AMR	female	20260916
HG01284	FC_e6c5e463c2c6f88d	1	train	CLM	AMR	female	20260916
HG01286	FC_ffe8791b9cc17a00	1	train	PUR	AMR	male	20260916
HG01302	FC_3c8cacd08f2de553	1	train	PUR	AMR	male	20260916
HG01303	FC_b65aed5da01ed1c0	1	train	PUR	AMR	female	20260916
HG01305	FC_ea9435d969c33d88	1	train	PUR	AMR	male	20260916
HG01308	FC_95dbfe146499cd41	1	train	PUR	AMR	male	20260916
HG01311	FC_40086a88f3b70420	1	train	PUR	AMR	male	20260916
HG01312	FC_7322848b42be57c7	1	validation	PUR	AMR	female	20260916
HG01323	FC_15d0ee9904e0d4dc	1	validation	PUR	AMR	female	20260916
HG01325	FC_d313bcc3f9661916	1	validation	PUR	AMR	male	20260916
HG01326	FC_6530c42d77c56ce9	1	train	PUR	AMR	female	20260916
HG01334	FC_deb01c0d9b1975c6	1	train	GBR	EUR	male	20260916
HG01341	FC_1998788b6080cf0b	1	train	CLM	AMR	male	20260916
HG01342	FC_70812c0ecd7432d0	1	train	CLM	AMR	female	20260916
HG01344	FC_f3e00772424a3215	1	validation	CLM	AMR	male	20260916
HG01345	FC_a5b730654fade1e4	1	train	CLM	AMR	female	20260916
HG01348	FC_2c9723e9559b9d71	1	train	CLM	AMR	female	20260916
HG01350	FC_2472c72bfc482405	1	train	CLM	AMR	male	20260916
HG01351	FC_c219314e62dd2d4a	1	train	CLM	AMR	female	20260916
HG01353	FC_6989b6e5d235e0c1	1	train	CLM	AMR	male	20260916
HG01354	FC_635c26ffb964c844	1	validation	CLM	AMR	female	20260916
HG01356	FC_12e707618728d082	1	train	CLM	AMR	male	20260916
HG01357	FC_6a1760b885758d14	1	test	CLM	AMR	female	20260916
HG01359	FC_e07e184108423ab7	1	train	CLM	AMR	male	20260916
HG01360	FC_7d961f6f135cdf40	1	test	CLM	AMR	female	20260916
HG01362	FC_e364a1f848191b65	1	train	CLM	AMR	male	20260916
HG01363	FC_a07fecfce33ad49c	1	validation	CLM	AMR	female	20260916
HG01365	FC_135e635ad167fdc5	1	train	CLM	AMR	male	20260916
HG01366	FC_850afe07cf91b81e	1	validation	CLM	AMR	female	20260916
HG01369	FC_548c68aeb51894fb	1	test	CLM	AMR	female	20260916
HG01372	FC_5f7e929088aa5dca	1	validation	CLM	AMR	female	20260916
HG01374	FC_0259592bf7d110d9	1	train	CLM	AMR	male	20260916
HG01375	FC_4aa5ce5eb6210a72	1	train	CLM	AMR	female	20260916
HG01377	FC_2d6d732dda8fdfd2	1	train	CLM	AMR	male	20260916
HG01378	FC_f866fefa9c9bc189	1	validation	CLM	AMR	female	20260916
HG01383	FC_d5b032bc8e1427fd	1	test	CLM	AMR	male	20260916
HG01384	FC_68ff882044ff4f57	1	train	CLM	AMR	female	20260916
HG01389	FC_79942ce4ee465c78	1	validation	CLM	AMR	male	20260916
HG01390	FC_08f07a80cc739d23	1	train	CLM	AMR	female	20260916
HG01392	FC_f973cc2d014e57b9	1	train	PUR	AMR	male	20260916
HG01393	FC_a910b6f64f0e4c92	1	train	PUR	AMR	female	20260916
HG01395	FC_505695cebeea8139	1	train	PUR	AMR	male	20260916
HG01396	FC_d20f28b26592e6b0	1	train	PUR	AMR	female	20260916
HG01398	FC_4c05bc35da62144e	1	train	PUR	AMR	male	20260916
HG01402	FC_2a8af192072f0d3c	1	train	PUR	AMR	male	20260916
HG01403	FC_d9e96c86007ef02a	1	train	PUR	AMR	female	20260916
HG01405	FC_9bf9ebc56e493566	1	train	PUR	AMR	male	20260916
HG01412	FC_dc376028aedc650b	1	train	PUR	AMR	male	20260916
HG01413	FC_fd1ea5189df421bd	1	train	PUR	AMR	male	20260916
HG01414	FC_0ce16eb65275c6c8	1	train	PUR	AMR	female	20260916
HG01431	FC_bdb910c0a7a8b089	1	test	CLM	AMR	male	20260916
HG01432	FC_3ae1cefc7c8546b3	1	train	CLM	AMR	female	20260916
HG01435	FC_eafec517d13d6411	1	test	CLM	AMR	female	20260916
HG01437	FC_82fcaefb2ed4382b	1	train	CLM	AMR	male	20260916
HG01438	FC_37eab6297aeb4125	1	train	CLM	AMR	female	20260916
HG01440	FC_4409df616a0dd481	1	train	CLM	AMR	male	20260916
HG01441	FC_f4f4bb78c9f55843	1	train	CLM	AMR	female	20260916
HG01443	FC_b8d468b3dc84b2fe	1	train	CLM	AMR	male	20260916
HG01444	FC_1655e5c1057e2f5e	1	train	CLM	AMR	female	20260916
HG01447	FC_4e56ffcf0d2564fa	1	train	CLM	AMR	female	20260916
HG01455	FC_2fac6bdca02ec219	1	test	CLM	AMR	male	20260916
HG01456	FC_0d1c61e286c8ae78	1	train	CLM	AMR	female	20260916
HG01459	FC_e387eb083ea25187	1	test	CLM	AMR	female	20260916
HG01461	FC_c582fba21845775e	1	train	CLM	AMR	male	20260916
HG01462	FC_d602253c55713a47	1	test	CLM	AMR	female	20260916
HG01464	FC_4cf2676a066911df	1	train	CLM	AMR	male	20260916
HG01465	FC_304b8343856a18f3	1	train	CLM	AMR	female	20260916
HG01468	FC_290c5011e5623ee0	1	train	CLM	AMR	female	20260916
HG01474	FC_8d43da23790d454b	1	train	CLM	AMR	female	20260916
HG01479	FC_2a0d9fd80a4e5682	1	train	CLM	AMR	male	20260916
HG01485	FC_1417dcd8f4353bd1	1	train	CLM	AMR	male	20260916
HG01486	FC_5d4c54330f993a04	1	train	CLM	AMR	female	20260916
HG01488	FC_adff310cf5d2a55d	1	train	CLM	AMR	male	20260916
HG01489	FC_95a00a6ba5a0f3f8	1	train	CLM	AMR	female	20260916
HG01491	FC_5be6a7bf65e7428b	1	train	CLM	AMR	male	20260916
HG01492	FC_62a568f27696bc8a	1	train	CLM	AMR	female	20260916
HG01494	FC_2d2238be5cdfd314	1	test	CLM	AMR	male	20260916
HG01495	FC_2619d691ccafe4c8	1	train	CLM	AMR	female	20260916
HG01497	FC_866df0e5e8e2e414	1	train	CLM	AMR	male	20260916
HG01498	FC_3183da270462d905	1	validation	CLM	AMR	female	20260916
HG01500	FC_a4f3d2380a144164	1	validation	IBS	EUR	male	20260916
HG01501	FC_9224fe238814cbae	1	test	IBS	EUR	female	20260916
HG01503	FC_1e12694f4940b567	1	test	IBS	EUR	male	20260916
HG01504	FC_6c33849060f68199	1	train	IBS	EUR	female	20260916
HG01506	FC_dcec4be97193e8ef	1	test	IBS	EUR	male	20260916
HG01507	FC_285fef6c129fea49	1	train	IBS	EUR	female	20260916
HG01509	FC_c92d70c93c1ea78d	1	train	IBS	EUR	male	20260916
HG01510	FC_c9247b13be95594f	1	train	IBS	EUR	female	20260916
HG01512	FC_42a8234d0b66825e	1	train	IBS	EUR	male	20260916
HG01513	FC_2bca6cff65df8400	1	train	IBS	EUR	female	20260916
HG01515	FC_03d3fd26fa01d156	1	train	IBS	EUR	male	20260916
HG01516	FC_3d4cce354d29c57c	1	train	IBS	EUR	female	20260916
HG01518	FC_bb4c7f57867f9224	1	train	IBS	EUR	male	20260916
HG01519	FC_98bc8c28df45efbe	1	test	IBS	EUR	female	20260916
HG01521	FC_e436e6efadd52271	1	train	IBS	EUR	male	20260916
HG01522	FC_186badcfa3e49170	1	validation	IBS	EUR	female	20260916
HG01524	FC_c11d70f0002fb39d	1	validation	IBS	EUR	male	20260916
HG01525	FC_c0367d2ee22f485d	1	train	IBS	EUR	female	20260916
HG01527	FC_a3bfa6cdebeb17ce	1	train	IBS	EUR	male	20260916
HG01528	FC_5e9cf6101c8d1a36	1	train	IBS	EUR	female	20260916
HG01530	FC_f0d09e74abbdde16	1	validation	IBS	EUR	male	20260916
HG01531	FC_7c6594c74f754fcc	1	train	IBS	EUR	female	20260916
HG01536	FC_53b44aa6de528a2e	1	train	IBS	EUR	male	20260916
HG01537	FC_dc073eddb5d27f91	1	train	IBS	EUR	female	20260916
HG01550	FC_cb72174b85d2b6df	1	train	CLM	AMR	male	20260916
HG01551	FC_5f9e5102a8f42ab0	1	train	CLM	AMR	female	20260916
HG01556	FC_e2cb57aeaaf4ad41	1	train	CLM	AMR	male	20260916
HG01565	FC_035dd6bdf4801d54	1	train	PEL	AMR	male	20260916
HG01566	FC_73123e1dfec7c677	1	train	PEL	AMR	female	20260916
HG01571	FC_ffb4847a1bcd385c	1	train	PEL	AMR	male	20260916
HG01572	FC_f86e42493c476922	1	train	PEL	AMR	female	20260916
HG01577	FC_712e702b489c2547	1	train	PEL	AMR	male	20260916
HG01578	FC_6763bb9147ea6d4a	1	train	PEL	AMR	female	20260916
HG01583	FC_0c3c5d7842973327	1	train	PJL	SAS	male	20260916
HG01586	FC_32a99e25998b794a	1	validation	PJL	SAS	male	20260916
HG01589	FC_3a39ce1bb1c3e896	1	train	PJL	SAS	male	20260916
HG01593	FC_1b3b58e53f08e24e	1	train	PJL	SAS	female	20260916
HG01595	FC_a234a0f3f080fff6	1	validation	KHV	EAS	female	20260916
HG01596	FC_d90fd9a3bb2e2137	1	validation	KHV	EAS	male	20260916
HG01597	FC_3628710276ea4a46	1	train	KHV	EAS	female	20260916
HG01598	FC_77aad42b6d64ef3d	1	train	KHV	EAS	female	20260916
HG01599	FC_7893025f556a69e8	1	test	KHV	EAS	female	20260916
HG01600	FC_a8d1aa833b16736a	1	test	KHV	EAS	female	20260916
HG01602	FC_391ba55de3348757	1	train	IBS	EUR	female	20260916
HG01603	FC_9db0526e0b105eff	1	train	IBS	EUR	male	20260916
HG01605	FC_5957716affd33f9f	1	train	IBS	EUR	female	20260916
HG01606	FC_b31062fa9ec73817	1	train	IBS	EUR	male	20260916
HG01607	FC_f725ceab989c335b	1	test	IBS	EUR	female	20260916
HG01608	FC_e29d4628771702b7	1	validation	IBS	EUR	male	20260916
HG01610	FC_83346b0f9dce9884	1	train	IBS	EUR	male	20260916
HG01612	FC_903a129a0ef77c9a	1	train	IBS	EUR	female	20260916
HG01613	FC_9b2cd40e521292fb	1	train	IBS	EUR	female	20260916
HG01615	FC_170d0cb9c3ca8437	1	train	IBS	EUR	male	20260916
HG01617	FC_130b5db95fdee20a	1	train	IBS	EUR	male	20260916
HG01618	FC_baa35a25e6084dc0	1	validation	IBS	EUR	female	20260916
HG01619	FC_c646ff02a6269ba0	1	train	IBS	EUR	male	20260916
HG01620	FC_26ce8589de9548d2	1	train	IBS	EUR	female	20260916
HG01623	FC_a282cf6b892fbfb6	1	train	IBS	EUR	female	20260916
HG01624	FC_4f110f0396ffd728	1	train	IBS	EUR	male	20260916
HG01625	FC_1075f9cfc54c0bbf	1	train	IBS	EUR	male	20260916
HG01626	FC_16210c8ee221d10d	1	validation	IBS	EUR	female	20260916
HG01628	FC_71e51e9ca821a38a	1	train	IBS	EUR	female	20260916
HG01630	FC_e539ed568495158a	1	test	IBS	EUR	male	20260916
HG01631	FC_ed6775346a297edf	1	train	IBS	EUR	male	20260916
HG01632	FC_8375cdcd46bab721	1	train	IBS	EUR	female	20260916
HG01668	FC_76cf1e5ff9f70156	1	test	IBS	EUR	female	20260916
HG01669	FC_6ce67388dfae9558	1	train	IBS	EUR	male	20260916
HG01670	FC_afa0bf7ffb59b8d1	1	train	IBS	EUR	female	20260916
HG01672	FC_61cda0c7da7928bb	1	train	IBS	EUR	male	20260916
HG01673	FC_d58e84795a4f4345	1	train	IBS	EUR	female	20260916
HG01675	FC_bfd3eea00d8b6998	1	train	IBS	EUR	male	20260916
HG01676	FC_a3a0d6898fc06d0f	1	train	IBS	EUR	female	20260916
HG01678	FC_98e743662270ee31	1	train	IBS	EUR	male	20260916
HG01679	FC_db8e9cc9e1ce6ff1	1	train	IBS	EUR	female	20260916
HG01680	FC_bb9be8859ece1206	1	train	IBS	EUR	male	20260916
HG01682	FC_db4c4c100ce395cf	1	train	IBS	EUR	male	20260916
HG01684	FC_3516073b008ec6d3	1	train	IBS	EUR	female	20260916
HG01685	FC_10e49c2eb8092801	1	train	IBS	EUR	female	20260916
HG01686	FC_e45775d2d067f50f	1	validation	IBS	EUR	male	20260916
HG01694	FC_09a4092da980d42e	1	train	IBS	EUR	male	20260916
HG01695	FC_94cb5b6cb8bc55eb	1	validation	IBS	EUR	female	20260916
HG01697	FC_4363da86f7d8956a	1	train	IBS	EUR	female	20260916
HG01699	FC_4470446863a2ef7f	1	test	IBS	EUR	male	20260916
HG01700	FC_16057361cabeee54	1	train	IBS	EUR	male	20260916
HG01702	FC_6a6128bf6cfd2e0e	1	train	IBS	EUR	female	20260916
HG01704	FC_2a49db588f9ba03c	1	train	IBS	EUR	female	20260916
HG01705	FC_845766b226975a0e	1	train	IBS	EUR	male	20260916
HG01707	FC_e5a3a0246b26fcb8	1	train	IBS	EUR	female	20260916
HG01708	FC_16be26a1de039ca1	1	validation	IBS	EUR	male	20260916
HG01709	FC_a59b88e711264dc0	1	train	IBS	EUR	male	20260916
HG01710	FC_a4fc9074ac7521cc	1	train	IBS	EUR	female	20260916
HG01746	FC_b01e6bfab805fb86	1	train	IBS	EUR	female	20260916
HG01747	FC_20b3f7764063c9aa	1	test	IBS	EUR	male	20260916
HG01756	FC_60bc87177f33800c	1	test	IBS	EUR	male	20260916
HG01757	FC_2817a46180386a07	1	train	IBS	EUR	female	20260916
HG01761	FC_547d5039c50963e0	1	test	IBS	EUR	male	20260916
HG01762	FC_f3622ab53cec41a7	1	train	IBS	EUR	female	20260916
HG01765	FC_f82920c8d85ba7b5	1	train	IBS	EUR	male	20260916
HG01766	FC_aaf3bc515ff69cbd	1	validation	IBS	EUR	female	20260916
HG01767	FC_130c2c619fb3fb47	1	train	IBS	EUR	male	20260916
HG01768	FC_19edf1da6026c8a2	1	train	IBS	EUR	female	20260916
HG01770	FC_824930873101d7fc	1	train	IBS	EUR	female	20260916
HG01771	FC_8252cabfa99b70df	1	validation	IBS	EUR	male	20260916
HG01773	FC_8fb864a700af1930	1	train	IBS	EUR	female	20260916
HG01775	FC_c3675a07f59d7f8a	1	test	IBS	EUR	male	20260916
HG01776	FC_9a68569d34ef4e8c	1	train	IBS	EUR	female	20260916
HG01777	FC_3aad70971d98283d	1	test	IBS	EUR	male	20260916
HG01779	FC_513911a32124f419	1	train	IBS	EUR	female	20260916
HG01781	FC_28c6d9be95bc76ba	1	train	IBS	EUR	male	20260916
HG01783	FC_a897f4c99d34e886	1	train	IBS	EUR	male	20260916
HG01784	FC_b60012691efab04c	1	test	IBS	EUR	female	20260916
HG01785	FC_2db59935680c91cb	1	train	IBS	EUR	male	20260916
HG01786	FC_a83274d3e5a48ca1	1	validation	IBS	EUR	female	20260916
HG01789	FC_b44f3232a14e4906	1	train	GBR	EUR	male	20260916
HG01790	FC_ae68c0ac4cdd0dd1	1	train	GBR	EUR	female	20260916
HG01791	FC_111fd1cd426feaa5	1	validation	GBR	EUR	male	20260916
HG01794	FC_032597b591598788	1	train	CDX	EAS	female	20260916
HG01795	FC_04d90af4edbe7d4e	1	validation	CDX	EAS	female	20260916
HG01796	FC_02155c20e0d068ac	1	train	CDX	EAS	female	20260916
HG01797	FC_27caea082a981013	1	train	CDX	EAS	female	20260916
HG01798	FC_1703c3544448afd9	1	validation	CDX	EAS	female	20260916
HG01799	FC_5adaeca94e5ec7d1	1	validation	CDX	EAS	female	20260916
HG01800	FC_47082e07f0765026	1	train	CDX	EAS	female	20260916
HG01801	FC_d260948b9e8578e3	1	train	CDX	EAS	female	20260916
HG01802	FC_7aa3930f0ad802b4	1	train	CDX	EAS	female	20260916
HG01804	FC_4ac40ba04afd9862	1	train	CDX	EAS	female	20260916
HG01805	FC_91797ba7284e70b7	1	train	CDX	EAS	female	20260916
HG01806	FC_0ed30a05968f646d	1	train	CDX	EAS	female	20260916
HG01807	FC_e63b4305bd5cba9f	1	train	CDX	EAS	female	20260916
HG01808	FC_5a6d895ee91c28d7	1	test	CDX	EAS	female	20260916
HG01809	FC_ec72d538fcc8e954	1	validation	CDX	EAS	female	20260916
HG01810	FC_9175040596e17b32	1	train	CDX	EAS	male	20260916
HG01811	FC_d1d69cca7eba45fd	1	train	CDX	EAS	male	20260916
HG01812	FC_6e3ac65e48576372	1	train	CDX	EAS	female	20260916
HG01813	FC_594086df6f05cc8d	1	train	CDX	EAS	female	20260916
HG01815	FC_7c563607b5bb7613	1	train	CDX	EAS	female	20260916
HG01816	FC_9df1c622f27f7938	1	test	CDX	EAS	male	20260916
HG01817	FC_a0a82021f871b3a7	1	train	CDX	EAS	female	20260916
HG01840	FC_8012c4437e18f8f5	1	train	KHV	EAS	male	20260916
HG01841	FC_18db7bd1a36d1083	1	train	KHV	EAS	female	20260916
HG01842	FC_918559db85975979	1	train	KHV	EAS	male	20260916
HG01843	FC_6911f6dc6fd82a5b	1	train	KHV	EAS	female	20260916
HG01844	FC_3d57eab136c9a9f7	1	validation	KHV	EAS	male	20260916
HG01845	FC_0d41f60275a88336	1	validation	KHV	EAS	female	20260916
HG01846	FC_10ccda783946c31c	1	train	KHV	EAS	male	20260916
HG01847	FC_9c86ea53af0cf04f	1	test	KHV	EAS	female	20260916
HG01848	FC_d3b2c2b09327ff56	1	test	KHV	EAS	female	20260916
HG01849	FC_102d134d4c54711f	1	test	KHV	EAS	male	20260916
HG01850	FC_9c8d7950f76b4158	1	validation	KHV	EAS	female	20260916
HG01851	FC_c6e4ed10d5173a35	1	train	KHV	EAS	female	20260916
HG01852	FC_d44366a86b7dbdf3	1	train	KHV	EAS	male	20260916
HG01853	FC_a44a8a54d938b8a4	1	train	KHV	EAS	female	20260916
HG01855	FC_ed97ca89bb53fe0b	1	test	KHV	EAS	female	20260916
HG01857	FC_c6da04a714efd3da	1	train	KHV	EAS	female	20260916
HG01858	FC_5dcbf4ec556e8401	1	train	KHV	EAS	female	20260916
HG01859	FC_f9a8dec40f0505fd	1	validation	KHV	EAS	female	20260916
HG01860	FC_80074103b74640f1	1	train	KHV	EAS	male	20260916
HG01861	FC_b5b845fa533a4535	1	train	KHV	EAS	male	20260916
HG01862	FC_038962f5dd0993a1	1	train	KHV	EAS	female	20260916
HG01863	FC_0bfdc143bf82c0a0	1	validation	KHV	EAS	female	20260916
HG01864	FC_a40971de21788a68	1	train	KHV	EAS	male	20260916
HG01865	FC_fcb02c164fd87314	1	train	KHV	EAS	male	20260916
HG01866	FC_90b37dab1071216d	1	train	KHV	EAS	male	20260916
HG01867	FC_aa7ecd0b669b930a	1	train	KHV	EAS	male	20260916
HG01868	FC_77e804e94acbae32	1	train	KHV	EAS	female	20260916
HG01869	FC_3ac8a1262a34bf2b	1	train	KHV	EAS	female	20260916
HG01870	FC_d8ebaa0fe59268be	1	validation	KHV	EAS	female	20260916
HG01871	FC_40e4a0f37a4c4968	1	train	KHV	EAS	female	20260916
HG01872	FC_0847a495af0b3a3d	1	train	KHV	EAS	male	20260916
HG01873	FC_caf131df214e355c	1	validation	KHV	EAS	male	20260916
HG01874	FC_dbb431d631f16082	1	validation	KHV	EAS	female	20260916
HG01878	FC_28045d3b8397b659	1	train	KHV	EAS	female	20260916
HG01879	FC_9cf259507a4c4152	1	train	ACB	AFR	male	20260916
HG01880	FC_cde8232333d97ee6	1	train	ACB	AFR	female	20260916
HG01882	FC_b84a50f9aa252960	1	train	ACB	AFR	male	20260916
HG01883	FC_80c768b598b8e3ef	1	train	ACB	AFR	female	20260916
HG01885	FC_d61f50e3e7aaebfc	1	train	ACB	AFR	male	20260916
HG01886	FC_efb0cc33c3923d79	1	validation	ACB	AFR	female	20260916
HG01889	FC_705302e8d4a6755f	1	test	ACB	AFR	female	20260916
HG01890	FC_f46f7baf22b41344	1	train	ACB	AFR	male	20260916
HG01892	FC_415bbd4ccee83a91	1	validation	PEL	AMR	male	20260916
HG01893	FC_991e66702d77b0b0	1	test	PEL	AMR	female	20260916
HG01894	FC_fe2760fc21b4d6fd	1	validation	ACB	AFR	female	20260916
HG01896	FC_79d5e404d4056457	1	train	ACB	AFR	female	20260916
HG01912	FC_6bc31cc0afb77bf9	1	test	ACB	AFR	male	20260916
HG01914	FC_77534170f4ea452f	1	train	ACB	AFR	male	20260916
HG01915	FC_26013d8a1cfb2ff5	1	test	ACB	AFR	female	20260916
HG01917	FC_0b8ea1deaabb7627	1	test	PEL	AMR	male	20260916
HG01918	FC_59fc7e49a38cf3c1	1	train	PEL	AMR	female	20260916
HG01920	FC_7686a74c7febc86e	1	train	PEL	AMR	male	20260916
HG01921	FC_9e9eaf2ae764408f	1	train	PEL	AMR	female	20260916
HG01923	FC_645131c34a28822c	1	validation	PEL	AMR	male	20260916
HG01924	FC_1c3fac1511dc7c93	1	test	PEL	AMR	female	20260916
HG01926	FC_5ff3ed36db4f1433	1	train	PEL	AMR	male	20260916
HG01927	FC_26fb2fbcd7ea5aab	1	train	PEL	AMR	female	20260916
HG01932	FC_47584c8835cce7a9	1	train	PEL	AMR	male	20260916
HG01933	FC_c7e33b7bc3455797	1	train	PEL	AMR	female	20260916
HG01935	FC_da0cb900a1eecf56	1	train	PEL	AMR	male	20260916
HG01936	FC_b15357ee3e367301	1	test	PEL	AMR	female	20260916
HG01938	FC_f4e3063b889eae05	1	train	PEL	AMR	male	20260916
HG01939	FC_4d9df0a37f3e25d5	1	train	PEL	AMR	female	20260916
HG01941	FC_d1ff834523a71292	1	test	PEL	AMR	male	20260916
HG01942	FC_f348242f0b7ae838	1	train	PEL	AMR	female	20260916
HG01944	FC_c9df4aea9826eb5c	1	train	PEL	AMR	male	20260916
HG01945	FC_aa50cd8f309edc38	1	validation	PEL	AMR	female	20260916
HG01947	FC_485d728b9ca1b42c	1	train	PEL	AMR	male	20260916
HG01948	FC_926cd494a199f1d1	1	train	PEL	AMR	female	20260916
HG01950	FC_7dc654ed143dab3f	1	test	PEL	AMR	male	20260916
HG01951	FC_f7d450258a79aed1	1	train	PEL	AMR	female	20260916
HG01953	FC_47c2d48963836556	1	train	PEL	AMR	male	20260916
HG01954	FC_010d5b430a8063bd	1	train	PEL	AMR	female	20260916
HG01956	FC_85ef275efc02191f	1	train	ACB	AFR	female	20260916
HG01958	FC_e38c110f1c21a237	1	test	ACB	AFR	female	20260916
HG01961	FC_83b8cbeca1245563	1	train	PEL	AMR	male	20260916
HG01965	FC_836ff55f898f8da9	1	train	PEL	AMR	female	20260916
HG01967	FC_6e90e140d011df76	1	validation	PEL	AMR	male	20260916
HG01968	FC_1a762bce3ea7324c	1	train	PEL	AMR	female	20260916
HG01970	FC_79c1ee49cbddacc0	1	test	PEL	AMR	male	20260916
HG01971	FC_230b1766a171388a	1	train	PEL	AMR	female	20260916
HG01973	FC_0a7035e5d5789494	1	train	PEL	AMR	female	20260916
HG01974	FC_55114d55910d0028	1	test	PEL	AMR	male	20260916
HG01976	FC_3bc92a2de9783241	1	train	PEL	AMR	female	20260916
HG01977	FC_116559b36d0bd40c	1	train	PEL	AMR	male	20260916
HG01979	FC_bab8287e02181b22	1	test	PEL	AMR	male	20260916
HG01980	FC_687027676663a260	1	train	PEL	AMR	female	20260916
HG01982	FC_6e9e83dda3b9db50	1	train	PEL	AMR	male	20260916
HG01985	FC_1c56c5a1b1493d52	1	validation	ACB	AFR	female	20260916
HG01986	FC_6e4d194046e2d732	1	train	ACB	AFR	male	20260916
HG01988	FC_ef63fde3cb5d8b37	1	train	ACB	AFR	male	20260916
HG01989	FC_72209000fdd48887	1	train	ACB	AFR	female	20260916
HG01990	FC_3c055e6cf5be0df9	1	train	ACB	AFR	male	20260916
HG01991	FC_cb2a19240c593ba2	1	train	PEL	AMR	male	20260916
HG01992	FC_83a4e99f8097e10c	1	train	PEL	AMR	female	20260916
HG01997	FC_6ee0aa1b1ce86971	1	test	PEL	AMR	female	20260916
HG02002	FC_6d6688da844f9e67	1	test	PEL	AMR	male	20260916
HG02003	FC_8b74b0fbdeac863a	1	train	PEL	AMR	female	20260916
HG02006	FC_120f039c658f6e18	1	validation	PEL	AMR	female	20260916
HG02008	FC_ab1721d88c874969	1	train	PEL	AMR	male	20260916
HG02009	FC_3cfe98869a72c3f8	1	train	ACB	AFR	male	20260916
HG02010	FC_ab624e2d2e1941d1	1	train	ACB	AFR	female	20260916
HG02012	FC_0ab128a457d79c4e	1	train	ACB	AFR	female	20260916
HG02013	FC_7e998645ff2d6daa	1	validation	ACB	AFR	male	20260916
HG02014	FC_99b1a246bd72801d	1	test	ACB	AFR	male	20260916
HG02016	FC_16061abede88a7a0	1	train	KHV	EAS	female	20260916
HG02017	FC_888515237428e571	1	train	KHV	EAS	male	20260916
HG02019	FC_53a83e29abaa722d	1	test	KHV	EAS	female	20260916
HG02020	FC_01095765bbb38e50	1	train	KHV	EAS	male	20260916
HG02023	FC_306f6225d1947a04	1	validation	KHV	EAS	male	20260916
HG02025	FC_9b394fd82c998550	1	train	KHV	EAS	female	20260916
HG02026	FC_b4762b92ec624076	1	train	KHV	EAS	male	20260916
HG02028	FC_ecd8d91c5e1e5c56	1	train	KHV	EAS	female	20260916
HG02029	FC_787faf494b1efce1	1	train	KHV	EAS	male	20260916
HG02031	FC_aaf1793768cad007	1	train	KHV	EAS	female	20260916
HG02032	FC_93055664401410c3	1	train	KHV	EAS	male	20260916
HG02035	FC_67b98d2cce5215a4	1	train	KHV	EAS	male	20260916
HG02040	FC_f414cac84140728e	1	train	KHV	EAS	male	20260916
HG02047	FC_b991c953e2185d1f	1	test	KHV	EAS	male	20260916
HG02048	FC_99044f107f5b4756	1	train	KHV	EAS	female	20260916
HG02049	FC_6f96098b4e695e86	1	train	KHV	EAS	female	20260916
HG02050	FC_5d7194c188e93ecb	1	train	KHV	EAS	male	20260916
HG02051	FC_1bc842c5ce048057	1	train	ACB	AFR	male	20260916
HG02052	FC_b4e33d564314d963	1	train	ACB	AFR	female	20260916
HG02053	FC_b684235046fc75ee	1	train	ACB	AFR	male	20260916
HG02054	FC_1341485e02f7aa77	1	test	ACB	AFR	female	20260916
HG02057	FC_d840d67a695de488	1	train	KHV	EAS	female	20260916
HG02058	FC_df7bd8ed7d5ba6f8	1	train	KHV	EAS	male	20260916
HG02060	FC_6aa84f8f0ebae04c	1	train	KHV	EAS	female	20260916
HG02061	FC_0ab6d3c129f21766	1	train	KHV	EAS	male	20260916
HG02064	FC_abf1b881cc194a98	1	test	KHV	EAS	male	20260916
HG02067	FC_8eba2028a962208d	1	train	KHV	EAS	male	20260916
HG02069	FC_aed5e7b96239686b	1	train	KHV	EAS	female	20260916
HG02070	FC_3ceb6b20dce32faa	1	train	KHV	EAS	male	20260916
HG02072	FC_83f771cf2201bf42	1	train	KHV	EAS	female	20260916
HG02073	FC_53d2bb4439ca0902	1	test	KHV	EAS	male	20260916
HG02075	FC_732647dad3602f5c	1	train	KHV	EAS	female	20260916
HG02076	FC_a6d01d299ce6442b	1	test	KHV	EAS	male	20260916
HG02078	FC_b9ca32751186622f	1	train	KHV	EAS	female	20260916
HG02079	FC_4f769ab8529b7845	1	train	KHV	EAS	male	20260916
HG02081	FC_e02f1c43e3e9398e	1	train	KHV	EAS	female	20260916
HG02082	FC_229fa55a710c85f6	1	train	KHV	EAS	male	20260916
HG02084	FC_ad47cce3c9ef142f	1	train	KHV	EAS	female	20260916
HG02085	FC_b26519dbf64996d6	1	train	KHV	EAS	male	20260916
HG02086	FC_a1ba355221f3794c	1	train	KHV	EAS	female	20260916
HG02087	FC_9d484223a46453e6	1	train	KHV	EAS	female	20260916
HG02088	FC_a0030039e3900b3c	1	test	KHV	EAS	male	20260916
HG02089	FC_cbf5342546a89737	1	test	PEL	AMR	female	20260916
HG02090	FC_3a93ae5d493f29ee	1	test	PEL	AMR	male	20260916
HG02095	FC_ac3ce7f4b45484cf	1	train	ACB	AFR	female	20260916
HG02102	FC_ec6c95b526f75727	1	test	PEL	AMR	female	20260916
HG02104	FC_1af8fc4c1a629248	1	train	PEL	AMR	male	20260916
HG02105	FC_a45437bc482f5355	1	train	PEL	AMR	female	20260916
HG02107	FC_e43a1b30d9aab5fe	1	train	ACB	AFR	male	20260916
HG02108	FC_aea754221a525989	1	validation	ACB	AFR	female	20260916
HG02111	FC_cf960a6b2d9166a4	1	test	ACB	AFR	female	20260916
HG02113	FC_5ee7c6a91592c5fe	1	test	KHV	EAS	female	20260916
HG02116	FC_2cb5c4e37a3900b4	1	train	KHV	EAS	male	20260916
HG02121	FC_9dbaff77cf140e8b	1	train	KHV	EAS	female	20260916
HG02122	FC_46a29ff4b6598200	1	train	KHV	EAS	male	20260916
HG02127	FC_dddd466ce305207d	1	validation	KHV	EAS	female	20260916
HG02128	FC_d9317d9099967d3b	1	train	KHV	EAS	male	20260916
HG02130	FC_46285197cc81ca81	1	train	KHV	EAS	female	20260916
HG02131	FC_e287584c0f6d46af	1	train	KHV	EAS	male	20260916
HG02133	FC_b0d81815c2f6ac49	1	test	KHV	EAS	female	20260916
HG02134	FC_76de406e3ccf9333	1	train	KHV	EAS	male	20260916
HG02136	FC_642cf7f84c7771bb	1	test	KHV	EAS	female	20260916
HG02137	FC_f36ef1430e599c99	1	train	KHV	EAS	male	20260916
HG02138	FC_206ccca2385c4931	1	train	KHV	EAS	male	20260916
HG02139	FC_ba7a6ec7e2a46560	1	validation	KHV	EAS	female	20260916
HG02140	FC_1e2e4fa11f39ad78	1	train	KHV	EAS	female	20260916
HG02141	FC_f806ca1de782df61	1	train	KHV	EAS	male	20260916
HG02142	FC_815ddebe4420e30a	1	train	KHV	EAS	female	20260916
HG02143	FC_f1a9c42c76a006dd	1	test	ACB	AFR	male	20260916
HG02144	FC_93603dd26af51362	1	train	ACB	AFR	female	20260916
HG02146	FC_a903f5df1852c3bc	1	test	PEL	AMR	male	20260916
HG02147	FC_db186d2072c9156f	1	train	PEL	AMR	female	20260916
HG02150	FC_fb6b1e8186b2a5fc	1	train	PEL	AMR	male	20260916
HG02151	FC_fad809ea971adea8	1	train	CDX	EAS	female	20260916
HG02152	FC_dbdf7159e1dcea3e	1	validation	CDX	EAS	female	20260916
HG02153	FC_e1b93efca52b3dae	1	validation	CDX	EAS	female	20260916
HG02154	FC_a7cdbd13f7e68d45	1	train	CDX	EAS	female	20260916
HG02155	FC_f5c0d39d5ca340af	1	train	CDX	EAS	female	20260916
HG02156	FC_dcd5c8729535883a	1	test	CDX	EAS	female	20260916
HG02164	FC_9ef8fd66682da989	1	train	CDX	EAS	female	20260916
HG02165	FC_de82cf7e6261b20c	1	train	CDX	EAS	female	20260916
HG02166	FC_3bb5c01b8db892fc	1	validation	CDX	EAS	female	20260916
HG02178	FC_10e4c7291e8c506d	1	train	CDX	EAS	female	20260916
HG02179	FC_7570d9a427c7c04a	1	train	CDX	EAS	female	20260916
HG02180	FC_a6f8351318b3d842	1	train	CDX	EAS	female	20260916
HG02181	FC_3940736a4ae36df5	1	train	CDX	EAS	female	20260916
HG02182	FC_8f552f4dccca2836	1	test	CDX	EAS	female	20260916
HG02184	FC_359d9d82b2325b1a	1	train	CDX	EAS	female	20260916
HG02185	FC_babf2a2b02bde326	1	train	CDX	EAS	female	20260916
HG02186	FC_baa333fc80c473c7	1	test	CDX	EAS	female	20260916
HG02187	FC_ac14cd49f13bb7ad	1	validation	CDX	EAS	female	20260916
HG02188	FC_d04b51569031055e	1	train	CDX	EAS	female	20260916
HG02190	FC_54af5042a39d7093	1	train	CDX	EAS	female	20260916
HG02215	FC_8cc7bd6770fcc3a3	1	validation	GBR	EUR	female	20260916
HG02219	FC_bee7ac50cfaa283a	1	test	IBS	EUR	male	20260916
HG02220	FC_945c507045091e1c	1	train	IBS	EUR	female	20260916
HG02221	FC_32980556dc29be59	1	train	IBS	EUR	male	20260916
HG02223	FC_ff9ac9c3cde17a6e	1	train	IBS	EUR	female	20260916
HG02224	FC_a27192bdddd484bd	1	train	IBS	EUR	male	20260916
HG02230	FC_8a6049459c744616	1	test	IBS	EUR	female	20260916
HG02231	FC_7b4c0bdd44675fe0	1	validation	IBS	EUR	male	20260916
HG02232	FC_b16e5830fd0234ca	1	train	IBS	EUR	female	20260916
HG02233	FC_6d709a84025f2613	1	train	IBS	EUR	male	20260916
HG02235	FC_9b2501fd0c4eff4e	1	train	IBS	EUR	female	20260916
HG02236	FC_0a2e90222dde0a18	1	train	IBS	EUR	male	20260916
HG02238	FC_ba57067e18e97456	1	test	IBS	EUR	male	20260916
HG02239	FC_8f53284fb796fb4f	1	train	IBS	EUR	female	20260916
HG02250	FC_a4bf18d3db2b35f9	1	validation	CDX	EAS	male	20260916
HG02252	FC_ea54402bf46b3367	1	validation	PEL	AMR	female	20260916
HG02253	FC_66db1328441911a6	1	train	PEL	AMR	male	20260916
HG02255	FC_7acb29fe6156e3d4	1	validation	ACB	AFR	male	20260916
HG02256	FC_7038ea57b0c53c09	1	train	ACB	AFR	female	20260916
HG02259	FC_00d88fb59eefd8b4	1	validation	PEL	AMR	male	20260916
HG02260	FC_01ed9e2e71ecd1c3	1	train	PEL	AMR	female	20260916
HG02262	FC_abf6810a9292af83	1	train	PEL	AMR	male	20260916
HG02265	FC_da4f93dc4231550f	1	train	PEL	AMR	male	20260916
HG02266	FC_5a6223a4eaa729db	1	train	PEL	AMR	female	20260916
HG02271	FC_d8d69076dd8eb9f8	1	train	PEL	AMR	male	20260916
HG02272	FC_66ab3e4ff3d723c4	1	validation	PEL	AMR	female	20260916
HG02274	FC_0b745f3066ac32b8	1	test	PEL	AMR	male	20260916
HG02275	FC_f49b4e2733e3a278	1	train	PEL	AMR	female	20260916
HG02277	FC_d54fe5b4a72ca48c	1	validation	PEL	AMR	male	20260916
HG02278	FC_d263a7c350461a41	1	validation	PEL	AMR	female	20260916
HG02281	FC_7839e6f88ea29b71	1	train	ACB	AFR	male	20260916
HG02282	FC_1bce0ea605dee6d4	1	train	ACB	AFR	female	20260916
HG02283	FC_ef762795346195ce	1	train	ACB	AFR	male	20260916
HG02284	FC_aba9458c3844d736	1	validation	ACB	AFR	male	20260916
HG02285	FC_c6269a51996f0cf1	1	validation	PEL	AMR	male	20260916
HG02286	FC_20795f243920fe23	1	train	PEL	AMR	female	20260916
HG02291	FC_c9fb463d555e6c26	1	train	PEL	AMR	male	20260916
HG02292	FC_3f70d4eb77d91dd7	1	train	PEL	AMR	female	20260916
HG02298	FC_e491d340de123fe8	1	train	PEL	AMR	female	20260916
HG02299	FC_8099197fabf7cec4	1	validation	PEL	AMR	male	20260916
HG02301	FC_470ec04f25d3580f	1	test	PEL	AMR	female	20260916
HG02304	FC_70c231084befe28e	1	train	PEL	AMR	male	20260916
HG02307	FC_70e38d0e2760f8e4	1	train	ACB	AFR	male	20260916
HG02308	FC_4d5f6d30f5486961	1	train	ACB	AFR	female	20260916
HG02309	FC_b723663d4779b44f	1	train	ACB	AFR	female	20260916
HG02312	FC_48eb272c48c709b9	1	train	PEL	AMR	female	20260916
HG02314	FC_4b9480e8d5a1980b	1	train	ACB	AFR	male	20260916
HG02315	FC_639f3b2a5a355a57	1	validation	ACB	AFR	female	20260916
HG02317	FC_b8f6117430f781c1	1	train	ACB	AFR	male	20260916
HG02318	FC_8a139e315f97b1d5	1	train	ACB	AFR	female	20260916
HG02322	FC_2a5ff39a6721d318	1	train	ACB	AFR	female	20260916
HG02323	FC_efb42e2fbb2b5789	1	test	ACB	AFR	male	20260916
HG02325	FC_7d9d6593d19e383b	1	train	ACB	AFR	female	20260916
HG02330	FC_2efcd8ed3970b79d	1	train	ACB	AFR	male	20260916
HG02332	FC_09bfcb796ae79abf	1	train	ACB	AFR	male	20260916
HG02334	FC_9a12c32add9fd275	1	train	ACB	AFR	male	20260916
HG02337	FC_16cc20ea79b0bff1	1	train	ACB	AFR	female	20260916
HG02339	FC_65da1343fd862fa4	1	train	ACB	AFR	female	20260916
HG02343	FC_941e3ebe91d4419d	1	train	ACB	AFR	male	20260916
HG02345	FC_4ab6704bbdc2a6c9	1	train	PEL	AMR	female	20260916
HG02348	FC_1c8d150faedfc627	1	train	PEL	AMR	female	20260916
HG02351	FC_2c53e03e17a560f3	1	train	CDX	EAS	male	20260916
HG02353	FC_b49c44013f3849c6	1	train	CDX	EAS	male	20260916
HG02355	FC_d71be3245469dca2	1	train	CDX	EAS	male	20260916
HG02356	FC_71aad19bb937cb9c	1	train	CDX	EAS	male	20260916
HG02360	FC_7f457d6ae54649e7	1	test	CDX	EAS	male	20260916
HG02364	FC_8f106d49c49a7304	1	train	CDX	EAS	male	20260916
HG02367	FC_bfc082b5f05173f5	1	validation	CDX	EAS	male	20260916
HG02371	FC_7d1116f1ef1fa79b	1	validation	CDX	EAS	male	20260916
HG02373	FC_9621dc3151161861	1	train	CDX	EAS	male	20260916
HG02374	FC_2197842800fad37c	1	train	CDX	EAS	male	20260916
HG02375	FC_abdbf141c0dc4e38	1	test	CDX	EAS	male	20260916
HG02379	FC_424ab065ad915ebf	1	train	CDX	EAS	male	20260916
HG02380	FC_bb845b23e07c05ec	1	train	CDX	EAS	male	20260916
HG02382	FC_3721514819beb859	1	test	CDX	EAS	male	20260916
HG02383	FC_1c04199017b89eaa	1	train	CDX	EAS	male	20260916
HG02384	FC_f85eb45293832748	1	train	CDX	EAS	male	20260916
HG02385	FC_2b56cb6a5c42b647	1	train	CDX	EAS	male	20260916
HG02386	FC_d30bfb4bcfa2444e	1	validation	CDX	EAS	male	20260916
HG02389	FC_9f6449f62dfc8d69	1	train	CDX	EAS	male	20260916
HG02390	FC_8190d8bc7dea3d0a	1	test	CDX	EAS	male	20260916
HG02391	FC_d7b29c5e28e5e810	1	test	CDX	EAS	male	20260916
HG02392	FC_0512b1ae331f8e53	1	train	CDX	EAS	male	20260916
HG02394	FC_d6c1892b35284864	1	validation	CDX	EAS	male	20260916
HG02395	FC_1ffdcb6c55c9f332	1	validation	CDX	EAS	male	20260916
HG02396	FC_537bd5de34708ba4	1	train	CDX	EAS	male	20260916
HG02397	FC_0b0319a2dc9bbde5	1	train	CDX	EAS	male	20260916
HG02398	FC_ceb5334963b1faeb	1	train	CDX	EAS	male	20260916
HG02399	FC_4c91ae9e547f88f4	1	train	CDX	EAS	male	20260916
HG02401	FC_7c8942e4d5bb60a7	1	train	CDX	EAS	male	20260916
HG02402	FC_99e7751d79e9031c	1	train	CDX	EAS	male	20260916
HG02406	FC_0efb1c963c63ceb5	1	train	CDX	EAS	male	20260916
HG02407	FC_8e467cc207e8ba3f	1	train	CDX	EAS	male	20260916
HG02408	FC_45cedcc90a02ebe9	1	train	CDX	EAS	male	20260916
HG02409	FC_471cb2d69e0d1621	1	train	CDX	EAS	male	20260916
HG02410	FC_279caea9dfd81392	1	train	CDX	EAS	male	20260916
HG02419	FC_22a09350c547fa53	1	train	ACB	AFR	female	20260916
HG02420	FC_c76a9db22bbc5995	1	validation	ACB	AFR	male	20260916
HG02425	FC_a609ba15b23a2eb6	1	train	PEL	AMR	female	20260916
HG02427	FC_adb5b0889d258f98	1	validation	ACB	AFR	female	20260916
HG02429	FC_2fd53c2148d7be9c	1	train	ACB	AFR	male	20260916
HG02433	FC_82843bc3b1deddd8	1	train	ACB	AFR	male	20260916
HG02439	FC_715c2fb39031f98f	1	train	ACB	AFR	male	20260916
HG02442	FC_c4d1ed38635d5ee0	1	test	ACB	AFR	male	20260916
HG02445	FC_ee6899768c721b04	1	train	ACB	AFR	male	20260916
HG02449	FC_5561a8bc7902d567	1	train	ACB	AFR	male	20260916
HG02450	FC_bdec6f51568c0637	1	train	ACB	AFR	female	20260916
HG02455	FC_bfefdc95770f9ad0	1	train	ACB	AFR	male	20260916
HG02461	FC_6306a7006a5233e0	1	train	GWD	AFR	male	20260916
HG02462	FC_f52fd703b69d2325	1	train	GWD	AFR	female	20260916
HG02464	FC_bcadc7c25edfc4c8	1	train	GWD	AFR	male	20260916
HG02465	FC_3da6adec48a9f6c7	1	train	GWD	AFR	female	20260916
HG02470	FC_ae647790e0bbf207	1	train	ACB	AFR	male	20260916
HG02471	FC_8d245cd7fe1e1372	1	validation	ACB	AFR	female	20260916
HG02476	FC_e64e03eff833a586	1	train	ACB	AFR	female	20260916
HG02477	FC_82227728e72aaa79	1	validation	ACB	AFR	female	20260916
HG02479	FC_0c4f3fb2c8b0df7c	1	train	ACB	AFR	female	20260916
HG02481	FC_1f37cc771b8173b6	1	train	ACB	AFR	male	20260916
HG02484	FC_2f93400b2c27ccc1	1	train	ACB	AFR	male	20260916
HG02485	FC_7bc1a8a0991b4261	1	train	ACB	AFR	female	20260916
HG02489	FC_3287b141822de9e0	1	test	ACB	AFR	male	20260916
HG02490	FC_977c82ad36c97009	1	test	PJL	SAS	male	20260916
HG02491	FC_33d1af1c89d7dbdc	1	train	PJL	SAS	female	20260916
HG02493	FC_2491e044f053028b	1	train	PJL	SAS	male	20260916
HG02494	FC_5680bc61f51b1f46	1	test	PJL	SAS	female	20260916
HG02496	FC_942c8f1c36e82349	1	validation	ACB	AFR	male	20260916
HG02497	FC_782e35257d593aa4	1	train	ACB	AFR	female	20260916
HG02501	FC_59ce2f70d72dffa8	1	train	ACB	AFR	male	20260916
HG02502	FC_7e9c6c0bae251949	1	train	ACB	AFR	female	20260916
HG02505	FC_91ea25ba446892c7	1	test	ACB	AFR	female	20260916
HG02508	FC_a2883c2090e652f7	1	test	ACB	AFR	female	20260916
HG02511	FC_01f3e50de991cbad	1	train	ACB	AFR	female	20260916
HG02512	FC_e32d14d94561d337	1	train	KHV	EAS	male	20260916
HG02513	FC_f2634c5d3e18b991	1	validation	KHV	EAS	female	20260916
HG02521	FC_720ece76b0affda2	1	train	KHV	EAS	male	20260916
HG02522	FC_a0a3f76574ffd762	1	train	KHV	EAS	female	20260916
HG02536	FC_bbfd940a318b44c5	1	test	ACB	AFR	male	20260916
HG02537	FC_911586186309854e	1	validation	ACB	AFR	female	20260916
HG02541	FC_1c9506ca0ec2e13c	1	train	ACB	AFR	male	20260916
HG02545	FC_6bdde9c6e45ba86c	1	train	ACB	AFR	male	20260916
HG02546	FC_54d83a8e0f054d8c	1	test	ACB	AFR	female	20260916
HG02549	FC_cdf1a57a7e2b3dc4	1	train	ACB	AFR	female	20260916
HG02554	FC_12e4b67f368b9f50	1	train	ACB	AFR	male	20260916
HG02555	FC_c4e8f2c6ae94cf98	1	train	ACB	AFR	female	20260916
HG02557	FC_32685c16f4e9433b	1	train	ACB	AFR	male	20260916
HG02558	FC_2d6f610b7fc2d289	1	train	ACB	AFR	female	20260916
HG02561	FC_039174cd31e2f488	1	train	GWD	AFR	male	20260916
HG02562	FC_471aac9f373d3fdd	1	validation	GWD	AFR	female	20260916
HG02568	FC_2cbdcea55ca14404	1	test	GWD	AFR	female	20260916
HG02570	FC_6ecf4254a64c9574	1	train	GWD	AFR	male	20260916
HG02571	FC_1b32f7925ce742df	1	train	GWD	AFR	female	20260916
HG02573	FC_d9beff75ba2af075	1	train	GWD	AFR	male	20260916
HG02574	FC_459e5d6326d6b85f	1	train	GWD	AFR	female	20260916
HG02577	FC_cb230392ca669fd0	1	train	ACB	AFR	female	20260916
HG02580	FC_8157f1228ac25fb4	1	train	ACB	AFR	female	20260916
HG02582	FC_6641dbca1219bdae	1	train	GWD	AFR	male	20260916
HG02583	FC_5430022615c18769	1	validation	GWD	AFR	female	20260916
HG02585	FC_b8fbf9da03953301	1	train	GWD	AFR	male	20260916
HG02586	FC_9189a812f4a8ee57	1	validation	GWD	AFR	female	20260916
HG02588	FC_7ae3523fced47f36	1	validation	GWD	AFR	male	20260916
HG02589	FC_26f00a3a66b6d8d2	1	train	GWD	AFR	female	20260916
HG02594	FC_f55d8ff8ad488d9b	1	train	GWD	AFR	male	20260916
HG02595	FC_efdc1dd0d2518e53	1	train	GWD	AFR	female	20260916
HG02597	FC_581b28706bc5c98c	1	train	PJL	SAS	male	20260916
HG02600	FC_c11b6563fa5dbecc	1	train	PJL	SAS	male	20260916
HG02601	FC_a9b30e8642249340	1	train	PJL	SAS	female	20260916
HG02603	FC_1383e20b31e380d8	1	train	PJL	SAS	male	20260916
HG02604	FC_2b60019b1677fac2	1	train	PJL	SAS	female	20260916
HG02610	FC_574da38681fb9596	1	train	GWD	AFR	male	20260916
HG02611	FC_306ec6639a82a33d	1	train	GWD	AFR	female	20260916
HG02613	FC_eb656e0971af5d8d	1	train	GWD	AFR	male	20260916
HG02614	FC_6b9a94a8b1165216	1	train	GWD	AFR	female	20260916
HG02620	FC_761809207a73ae2d	1	train	GWD	AFR	male	20260916
HG02621	FC_bfa7727e2b48e653	1	train	GWD	AFR	female	20260916
HG02623	FC_e72e4cb50ac37afc	1	train	GWD	AFR	male	20260916
HG02624	FC_b352045303b1696f	1	validation	GWD	AFR	female	20260916
HG02628	FC_007b232661bf6e56	1	validation	GWD	AFR	male	20260916
HG02629	FC_1dfcc5f1428842a3	1	train	GWD	AFR	female	20260916
HG02634	FC_85e6ea45225bfb9a	1	train	GWD	AFR	male	20260916
HG02635	FC_7d163b5b01893ebd	1	test	GWD	AFR	female	20260916
HG02642	FC_3afbb602b7f43da7	1	train	GWD	AFR	male	20260916
HG02643	FC_6175e8aafe102bd6	1	test	GWD	AFR	female	20260916
HG02645	FC_988c5cdbae198170	1	train	GWD	AFR	male	20260916
HG02646	FC_0f3e5bba92a67041	1	train	GWD	AFR	female	20260916
HG02648	FC_9d297d897c503c8e	1	train	PJL	SAS	male	20260916
HG02649	FC_0a00dbcfcedf74f6	1	train	PJL	SAS	female	20260916
HG02651	FC_c88faccc73c70d7d	1	test	PJL	SAS	male	20260916
HG02652	FC_e05ae44d18d5d3da	1	validation	PJL	SAS	female	20260916
HG02654	FC_97e38cebae560c30	1	train	PJL	SAS	male	20260916
HG02655	FC_036e9b0dc0ea7763	1	train	PJL	SAS	female	20260916
HG02657	FC_b1d822122d7dbac6	1	train	PJL	SAS	male	20260916
HG02658	FC_ecc795ed1261cf3c	1	train	PJL	SAS	female	20260916
HG02660	FC_33d03f457bfd7a7c	1	validation	PJL	SAS	male	20260916
HG02661	FC_e16c082c0fc4ffb7	1	train	PJL	SAS	female	20260916
HG02666	FC_cf56310933d8afcd	1	train	GWD	AFR	male	20260916
HG02667	FC_7391874118b7b739	1	train	GWD	AFR	female	20260916
HG02675	FC_ae786d484cbd1cfe	1	train	GWD	AFR	male	20260916
HG02676	FC_ed119b41666f1ff8	1	train	GWD	AFR	female	20260916
HG02678	FC_0b32c14523277b5d	1	train	GWD	AFR	male	20260916
HG02679	FC_33145425838b5e7b	1	train	GWD	AFR	female	20260916
HG02681	FC_064f3ca930e107cc	1	train	PJL	SAS	male	20260916
HG02682	FC_a1fa44500bc2ce1e	1	train	PJL	SAS	female	20260916
HG02684	FC_1d06e1527ad6f967	1	train	PJL	SAS	male	20260916
HG02685	FC_69dbe95ee819d663	1	train	PJL	SAS	female	20260916
HG02687	FC_4a514b77e418ebbd	1	train	PJL	SAS	male	20260916
HG02688	FC_dd2fa63807ba8091	1	train	PJL	SAS	female	20260916
HG02690	FC_3a6ae06d701c7813	1	train	PJL	SAS	male	20260916
HG02691	FC_6a027cfc1b41be68	1	train	PJL	SAS	female	20260916
HG02694	FC_15cc17b7658ef006	1	validation	PJL	SAS	female	20260916
HG02696	FC_fb52332e0e213fe4	1	train	PJL	SAS	male	20260916
HG02697	FC_c3e7b11442d84326	1	train	PJL	SAS	female	20260916
HG02699	FC_9aef0f419708e39a	1	train	PJL	SAS	male	20260916
HG02700	FC_882b41cc43b8329c	1	test	PJL	SAS	female	20260916
HG02702	FC_472e3ef8dfb2dcf6	1	train	GWD	AFR	male	20260916
HG02703	FC_4388d88824c6b330	1	train	GWD	AFR	female	20260916
HG02715	FC_4617a56bd21e9a5b	1	validation	GWD	AFR	male	20260916
HG02716	FC_f13b3948a510210b	1	train	GWD	AFR	female	20260916
HG02721	FC_fbd970e1536eb6b1	1	train	GWD	AFR	male	20260916
HG02722	FC_bd9d716609ab4f57	1	test	GWD	AFR	female	20260916
HG02724	FC_65a57dc36a476a68	1	train	PJL	SAS	male	20260916
HG02725	FC_6f0275f0bcce39fe	1	train	PJL	SAS	female	20260916
HG02727	FC_8604703944e35818	1	train	PJL	SAS	male	20260916
HG02728	FC_ecbf60be0086056d	1	train	PJL	SAS	female	20260916
HG02731	FC_06ff58ebdb31fe76	1	train	PJL	SAS	female	20260916
HG02733	FC_de16db939643bbbc	1	train	PJL	SAS	male	20260916
HG02734	FC_473bdd2fa74942f3	1	train	PJL	SAS	female	20260916
HG02736	FC_e8df5491a53b732f	1	validation	PJL	SAS	male	20260916
HG02737	FC_cbd0ac1e366a4029	1	train	PJL	SAS	female	20260916
HG02756	FC_3eb979dc555e7a2b	1	test	GWD	AFR	male	20260916
HG02757	FC_ef02c0fe9c37ce8e	1	train	GWD	AFR	female	20260916
HG02759	FC_df563a55900ccead	1	train	GWD	AFR	male	20260916
HG02760	FC_d2695ca80993a7d4	1	validation	GWD	AFR	female	20260916
HG02763	FC_f012b76cabeb2357	1	test	GWD	AFR	female	20260916
HG02768	FC_293a4065436714f1	1	validation	GWD	AFR	male	20260916
HG02769	FC_d8a7a90b19988036	1	train	GWD	AFR	female	20260916
HG02771	FC_5d570e9b5783f7d3	1	train	GWD	AFR	male	20260916
HG02772	FC_eea68f83c22edba0	1	train	GWD	AFR	female	20260916
HG02774	FC_bc0f3e12041384e9	1	validation	PJL	SAS	male	20260916
HG02775	FC_0b7e56fdd91b2be1	1	test	PJL	SAS	female	20260916
HG02778	FC_e08cad91f23cea05	1	test	PJL	SAS	female	20260916
HG02780	FC_29a11a7420f682bf	1	train	PJL	SAS	male	20260916
HG02783	FC_60646c3349a54792	1	test	PJL	SAS	male	20260916
HG02784	FC_0714f87578562312	1	train	PJL	SAS	female	20260916
HG02786	FC_76cc4d75598e28df	1	validation	PJL	SAS	male	20260916
HG02787	FC_0a505c306acb369c	1	train	PJL	SAS	female	20260916
HG02789	FC_4cfeed6248f0477a	1	train	PJL	SAS	male	20260916
HG02790	FC_6f7a47e19c9f66e2	1	test	PJL	SAS	female	20260916
HG02792	FC_4301357c55a9d078	1	train	PJL	SAS	male	20260916
HG02793	FC_178e27e7651216bc	1	validation	PJL	SAS	female	20260916
HG02798	FC_e47c5f50211779ab	1	train	GWD	AFR	male	20260916
HG02799	FC_97ad5d570db8ec09	1	test	GWD	AFR	female	20260916
HG02804	FC_09935f04777167da	1	train	GWD	AFR	male	20260916
HG02805	FC_e02acff6f3e61c1c	1	validation	GWD	AFR	female	20260916
HG02807	FC_6776b96ed04516ba	1	train	GWD	AFR	male	20260916
HG02808	FC_00e6e1ca5b7402ed	1	train	GWD	AFR	female	20260916
HG02810	FC_27fe11f884f44b3e	1	train	GWD	AFR	male	20260916
HG02811	FC_7122f9bc1407bdbd	1	train	GWD	AFR	female	20260916
HG02813	FC_e2c2ea9532578d5f	1	test	GWD	AFR	male	20260916
HG02814	FC_1c6907e1aea5f5f0	1	train	GWD	AFR	female	20260916
HG02816	FC_1fc1f86156d80927	1	train	GWD	AFR	male	20260916
HG02817	FC_849a088e31a2eeb0	1	train	GWD	AFR	female	20260916
HG02819	FC_f0aa5b74ba205e66	1	train	GWD	AFR	male	20260916
HG02820	FC_86ed17d73b68dfc6	1	validation	GWD	AFR	female	20260916
HG02836	FC_62f61214c21a09d1	1	test	GWD	AFR	male	20260916
HG02837	FC_8faaea26cb85af1d	1	train	GWD	AFR	female	20260916
HG02839	FC_7ebc4a2f24a82e2c	1	train	GWD	AFR	male	20260916
HG02840	FC_1b16b91ed2348af2	1	train	GWD	AFR	female	20260916
HG02851	FC_0c71c46da1aafcda	1	train	GWD	AFR	male	20260916
HG02852	FC_adb1e3de06706a72	1	test	GWD	AFR	female	20260916
HG02854	FC_b9584979edfbf8cc	1	validation	GWD	AFR	male	20260916
HG02855	FC_11ae2d94d0d514bd	1	validation	GWD	AFR	female	20260916
HG02860	FC_3c0c954859f8a8ab	1	train	GWD	AFR	male	20260916
HG02861	FC_40a2917f8dd1d315	1	train	GWD	AFR	female	20260916
HG02870	FC_7e3db085276c9b11	1	train	GWD	AFR	female	20260916
HG02878	FC_3afd51406265405e	1	train	GWD	AFR	male	20260916
HG02879	FC_1e9a83e8fc54a54f	1	train	GWD	AFR	female	20260916
HG02881	FC_8dd72dc5483094ba	1	train	GWD	AFR	male	20260916
HG02882	FC_8629c1765dcb33a1	1	train	GWD	AFR	female	20260916
HG02884	FC_7850d8cf544385eb	1	validation	GWD	AFR	male	20260916
HG02885	FC_29c4d7036d1254ce	1	train	GWD	AFR	female	20260916
HG02887	FC_da94551b7c0df67b	1	train	GWD	AFR	male	20260916
HG02888	FC_4c38ef7914b52ae3	1	validation	GWD	AFR	female	20260916
HG02890	FC_1358640fdd3df184	1	train	GWD	AFR	male	20260916
HG02891	FC_7f06d395176f73d5	1	train	GWD	AFR	female	20260916
HG02895	FC_d91d41107fb3495e	1	validation	GWD	AFR	male	20260916
HG02896	FC_8f9f463f733f0c14	1	train	GWD	AFR	female	20260916
HG02922	FC_cd74400838ad7609	1	train	ESN	AFR	female	20260916
HG02923	FC_3a75932c70f7a71e	1	train	ESN	AFR	male	20260916
HG02938	FC_fe91d229467860bc	1	test	ESN	AFR	male	20260916
HG02941	FC_0a3168c1cb2f26c2	1	train	ESN	AFR	male	20260916
HG02943	FC_0819a7edd4dbbcdc	1	train	ESN	AFR	female	20260916
HG02944	FC_d2050feba178e536	1	test	ESN	AFR	male	20260916
HG02946	FC_319417a141738cff	1	train	ESN	AFR	female	20260916
HG02947	FC_adba078b4349fac6	1	train	ESN	AFR	male	20260916
HG02952	FC_9488d8962522dc49	1	train	ESN	AFR	female	20260916
HG02953	FC_1425e4a834eefc6f	1	train	ESN	AFR	male	20260916
HG02968	FC_ee5dd4f282488970	1	test	ESN	AFR	male	20260916
HG02970	FC_fddfa868971b6542	1	train	ESN	AFR	female	20260916
HG02971	FC_d20d123480077ea7	1	train	ESN	AFR	male	20260916
HG02973	FC_b01567cd37246416	1	train	ESN	AFR	male	20260916
HG02974	FC_3f98e4ee5f93c58c	1	train	ESN	AFR	female	20260916
HG02976	FC_a80d66f475433600	1	validation	ESN	AFR	female	20260916
HG02977	FC_25cb5724bb2c0ee6	1	train	ESN	AFR	male	20260916
HG02979	FC_eadc686f73d78310	1	train	ESN	AFR	female	20260916
HG02981	FC_adcc80641b39be94	1	train	ESN	AFR	male	20260916
HG02982	FC_316f2494ce9536d4	1	test	GWD	AFR	male	20260916
HG02983	FC_6fc33375175cc1d0	1	test	GWD	AFR	female	20260916
HG03006	FC_61a5bf548c7c8928	1	train	BEB	SAS	male	20260916
HG03007	FC_4e59f4a9ea865575	1	train	BEB	SAS	female	20260916
HG03009	FC_255c0bf51dafa7cf	1	train	BEB	SAS	male	20260916
HG03012	FC_d30523f37a0cc136	1	train	BEB	SAS	male	20260916
HG03015	FC_2b938bed41c9ae0d	1	train	PJL	SAS	male	20260916
HG03016	FC_19ca0759f512316c	1	train	PJL	SAS	female	20260916
HG03018	FC_213b69306dd4d8fa	1	validation	PJL	SAS	male	20260916
HG03019	FC_6003e8e87bc9e09e	1	train	PJL	SAS	female	20260916
HG03021	FC_43e8bf45e34cb8b7	1	train	PJL	SAS	male	20260916
HG03022	FC_ea25ce743a597e20	1	train	PJL	SAS	female	20260916
HG03024	FC_5cfeada385f65bf6	1	train	GWD	AFR	male	20260916
HG03025	FC_c6f88245d2ba7382	1	train	GWD	AFR	female	20260916
HG03027	FC_3b9c8382eb1d1d2b	1	train	GWD	AFR	male	20260916
HG03028	FC_199f2be53efca987	1	test	GWD	AFR	female	20260916
HG03039	FC_5a3eddec5788001e	1	train	GWD	AFR	male	20260916
HG03040	FC_5e4f2be8ddce52c7	1	train	GWD	AFR	female	20260916
HG03045	FC_6ee9c8afb7717c4a	1	train	GWD	AFR	male	20260916
HG03046	FC_0d315ad0627114c3	1	train	GWD	AFR	female	20260916
HG03048	FC_e6708b4c1bd44946	1	train	GWD	AFR	male	20260916
HG03049	FC_725067a78abe9fef	1	train	GWD	AFR	female	20260916
HG03052	FC_c75d400560cdd725	1	train	MSL	AFR	female	20260916
HG03054	FC_c36e7de86e329003	1	test	MSL	AFR	male	20260916
HG03055	FC_29cc25adab3aa168	1	train	MSL	AFR	female	20260916
HG03057	FC_ffe80939a0151884	1	validation	MSL	AFR	male	20260916
HG03058	FC_0e7229d6e6660e36	1	train	MSL	AFR	female	20260916
HG03060	FC_a66b3f76606cca1d	1	test	MSL	AFR	male	20260916
HG03061	FC_28ee55fb2bac8d56	1	train	MSL	AFR	female	20260916
HG03063	FC_38986ca346e7ec01	1	validation	MSL	AFR	male	20260916
HG03064	FC_d3b5c6e1a9abd851	1	test	MSL	AFR	female	20260916
HG03066	FC_1176c8d170e04ecd	1	train	MSL	AFR	male	20260916
HG03069	FC_728f9616a6509266	1	validation	MSL	AFR	male	20260916
HG03072	FC_39ab0717e19660dc	1	train	MSL	AFR	male	20260916
HG03073	FC_171431a3798982e0	1	train	MSL	AFR	female	20260916
HG03074	FC_784a65435dfbe6e3	1	test	MSL	AFR	male	20260916
HG03077	FC_7664798acb5b0a89	1	train	MSL	AFR	male	20260916
HG03078	FC_ed7b49ffcd1732b8	1	train	MSL	AFR	male	20260916
HG03079	FC_8848bc4da7e850ba	1	train	MSL	AFR	female	20260916
HG03081	FC_7170ee73c8a841cc	1	train	MSL	AFR	male	20260916
HG03082	FC_af14bccc5abef0d8	1	train	MSL	AFR	female	20260916
HG03084	FC_b2682075f3706305	1	train	MSL	AFR	male	20260916
HG03085	FC_c8462d566f233e57	1	train	MSL	AFR	female	20260916
HG03086	FC_da4fbd7cba095d20	1	train	MSL	AFR	female	20260916
HG03088	FC_301fdf739f8e34c7	1	train	MSL	AFR	female	20260916
HG03091	FC_7c25b0711ba67d91	1	train	MSL	AFR	female	20260916
HG03095	FC_76d8eb83d8595102	1	validation	MSL	AFR	female	20260916
HG03096	FC_8c6f496248cbda5d	1	train	MSL	AFR	male	20260916
HG03097	FC_41937546d63db3e0	1	train	MSL	AFR	female	20260916
HG03099	FC_45b81a390aa084a8	1	validation	ESN	AFR	female	20260916
HG03100	FC_3748030688e03285	1	test	ESN	AFR	male	20260916
HG03103	FC_2e304de1ca42e04e	1	test	ESN	AFR	male	20260916
HG03105	FC_776446727cf934e4	1	validation	ESN	AFR	female	20260916
HG03108	FC_62d8d5d895efa329	1	test	ESN	AFR	female	20260916
HG03109	FC_71094c80d1e55646	1	train	ESN	AFR	male	20260916
HG03111	FC_88a49806735ffd84	1	train	ESN	AFR	female	20260916
HG03112	FC_6727ab25f99f19ae	1	validation	ESN	AFR	male	20260916
HG03114	FC_366631adb5cd9172	1	train	ESN	AFR	female	20260916
HG03115	FC_c290baa224caa022	1	validation	ESN	AFR	male	20260916
HG03117	FC_5c8d8f252e33ef50	1	train	ESN	AFR	female	20260916
HG03118	FC_f659076e98579214	1	train	ESN	AFR	male	20260916
HG03120	FC_70ffb7e240a80357	1	train	ESN	AFR	male	20260916
HG03121	FC_fa0382afd40b2917	1	train	ESN	AFR	female	20260916
HG03123	FC_0a856e69fc27b699	1	train	ESN	AFR	female	20260916
HG03124	FC_147535e2ed7f6766	1	train	ESN	AFR	male	20260916
HG03126	FC_924259546194c87e	1	train	ESN	AFR	female	20260916
HG03127	FC_36a9dfc0bc4f3a6c	1	train	ESN	AFR	male	20260916
HG03129	FC_1f823f23d8c57771	1	validation	ESN	AFR	female	20260916
HG03130	FC_139c97165b51087a	1	test	ESN	AFR	male	20260916
HG03132	FC_cde62fbc8e35a9c7	1	train	ESN	AFR	female	20260916
HG03133	FC_7160b4b8917c2b29	1	train	ESN	AFR	male	20260916
HG03135	FC_c2c2a6e1ca28d737	1	train	ESN	AFR	female	20260916
HG03136	FC_116f4a63a8da5521	1	train	ESN	AFR	male	20260916
HG03139	FC_bae122fa8c3f6d6d	1	train	ESN	AFR	male	20260916
HG03157	FC_10dc32490eccec38	1	train	ESN	AFR	male	20260916
HG03159	FC_9c901328db640a11	1	train	ESN	AFR	female	20260916
HG03160	FC_4f349be7e5df1f46	1	train	ESN	AFR	male	20260916
HG03162	FC_c396c784bb72c2d5	1	train	ESN	AFR	female	20260916
HG03163	FC_9cfd357d5e0f1c7d	1	train	ESN	AFR	male	20260916
HG03166	FC_3ed2e4801063b7c2	1	train	ESN	AFR	male	20260916
HG03168	FC_958603a26ce4fd9d	1	train	ESN	AFR	female	20260916
HG03169	FC_9126017e94f3ff8f	1	train	ESN	AFR	male	20260916
HG03172	FC_eae9da45e598d409	1	train	ESN	AFR	male	20260916
HG03175	FC_ae66cca279ea6d06	1	train	ESN	AFR	male	20260916
HG03189	FC_4c0c9f5c5d5c027b	1	validation	ESN	AFR	female	20260916
HG03190	FC_657ef3784d2b090e	1	train	ESN	AFR	male	20260916
HG03193	FC_69b9347cc72f6ce4	1	validation	ESN	AFR	male	20260916
HG03195	FC_848df9c9c83baa2b	1	train	ESN	AFR	female	20260916
HG03196	FC_8843906d71a323b4	1	test	ESN	AFR	male	20260916
HG03198	FC_3e01fcd70bf1bc06	1	test	ESN	AFR	female	20260916
HG03199	FC_342aba4924ec04e0	1	train	ESN	AFR	male	20260916
HG03202	FC_67c8a3ae47b8ecda	1	train	ESN	AFR	male	20260916
HG03209	FC_b3c8b2d474487c93	1	test	MSL	AFR	male	20260916
HG03212	FC_b4e2a2ffceb929ba	1	validation	MSL	AFR	female	20260916
HG03224	FC_05b338a55fe66794	1	train	MSL	AFR	male	20260916
HG03225	FC_05b3a6c257d566c8	1	train	MSL	AFR	male	20260916
HG03228	FC_0914bd87665fbecf	1	validation	PJL	SAS	male	20260916
HG03229	FC_54ced4d440613ac0	1	train	PJL	SAS	female	20260916
HG03234	FC_9b31c8dc460dfa60	1	train	PJL	SAS	male	20260916
HG03235	FC_c5a0a9325b5f3609	1	train	PJL	SAS	female	20260916
HG03237	FC_612cc0ab64f2fac9	1	train	PJL	SAS	male	20260916
HG03238	FC_ca53c3b235aee7df	1	validation	PJL	SAS	female	20260916
HG03240	FC_5753cdaee24953ca	1	train	GWD	AFR	male	20260916
HG03241	FC_a40e83a696421a81	1	train	GWD	AFR	female	20260916
HG03246	FC_e526a47a692afc8b	1	validation	GWD	AFR	male	20260916
HG03247	FC_937296042635aa51	1	validation	GWD	AFR	female	20260916
HG03258	FC_fb3be46e90737da8	1	train	GWD	AFR	male	20260916
HG03259	FC_d69cf6a077a4bd4e	1	train	GWD	AFR	female	20260916
HG03265	FC_9ffff53c40c2db2e	1	test	ESN	AFR	male	20260916
HG03267	FC_e455e17c27538123	1	train	ESN	AFR	female	20260916
HG03268	FC_14215e567c83850d	1	test	ESN	AFR	male	20260916
HG03270	FC_49ac78fece2a0d55	1	validation	ESN	AFR	female	20260916
HG03271	FC_e14ee3af8b42bb87	1	validation	ESN	AFR	male	20260916
HG03279	FC_2896188176192c67	1	test	ESN	AFR	female	20260916
HG03280	FC_c2f990f995346c2c	1	train	ESN	AFR	male	20260916
HG03291	FC_21acd767606ea5dc	1	train	ESN	AFR	female	20260916
HG03294	FC_2adad738d56381c5	1	train	ESN	AFR	female	20260916
HG03295	FC_24a6b7c44638451f	1	train	ESN	AFR	male	20260916
HG03297	FC_06905c0a6f817a44	1	train	ESN	AFR	female	20260916
HG03298	FC_2d8d5bf44912d5b5	1	train	ESN	AFR	male	20260916
HG03300	FC_7f59918fdec723ba	1	train	ESN	AFR	female	20260916
HG03301	FC_c071aa9d1a9098a7	1	validation	ESN	AFR	male	20260916
HG03303	FC_81ccd9c9799002b3	1	validation	ESN	AFR	female	20260916
HG03304	FC_8fd46c574ce4a881	1	train	ESN	AFR	male	20260916
HG03311	FC_8091b3cde965fb35	1	test	ESN	AFR	male	20260916
HG03313	FC_eb09e1d676ff4f90	1	train	ESN	AFR	male	20260916
HG03342	FC_642169b39d549c45	1	train	ESN	AFR	female	20260916
HG03343	FC_d8ded3979a6b1b23	1	test	ESN	AFR	male	20260916
HG03351	FC_f807483e26ec1efb	1	train	ESN	AFR	female	20260916
HG03352	FC_b486c0696b8637b6	1	test	ESN	AFR	male	20260916
HG03354	FC_13d111e4473c879f	1	train	ESN	AFR	female	20260916
HG03363	FC_5e70fbc888d3789f	1	train	ESN	AFR	female	20260916
HG03366	FC_920806dd3cc1a00d	1	train	ESN	AFR	female	20260916
HG03367	FC_ae0c2ce631bfd053	1	validation	ESN	AFR	male	20260916
HG03369	FC_72bd4429329ba2f6	1	train	ESN	AFR	female	20260916
HG03370	FC_544ef64d65944af2	1	train	ESN	AFR	male	20260916
HG03372	FC_0798185fc6077c45	1	train	ESN	AFR	female	20260916
HG03376	FC_ffad7aa8d5eee6b2	1	train	MSL	AFR	male	20260916
HG03378	FC_0b92a8ac2a023aa3	1	train	MSL	AFR	female	20260916
HG03380	FC_e8f5dace08231afe	1	train	MSL	AFR	female	20260916
HG03382	FC_7d496f9c959836ae	1	test	MSL	AFR	male	20260916
HG03385	FC_2fa145f4b03a907c	1	train	MSL	AFR	male	20260916
HG03388	FC_971c7fdb71f9cb6c	1	test	MSL	AFR	male	20260916
HG03391	FC_e17a80c5cc18ed9c	1	train	MSL	AFR	male	20260916
HG03394	FC_b2e42b481a42197d	1	train	MSL	AFR	male	20260916
HG03397	FC_a4ca290aa25606e4	1	train	MSL	AFR	male	20260916
HG03401	FC_c8a9de479675f75e	1	train	MSL	AFR	female	20260916
HG03410	FC_12ba36ecb88043ba	1	test	MSL	AFR	female	20260916
HG03419	FC_3e8a2605dea19894	1	train	MSL	AFR	female	20260916
HG03428	FC_bfb66e677ad4829f	1	train	MSL	AFR	female	20260916
HG03432	FC_06d86c04d8620164	1	validation	MSL	AFR	male	20260916
HG03433	FC_ed14ae5b369ca688	1	validation	MSL	AFR	male	20260916
HG03436	FC_09db51781fc390e2	1	test	MSL	AFR	male	20260916
HG03437	FC_3fce29d30c3f61d7	1	train	MSL	AFR	female	20260916
HG03439	FC_5b7f91147fba51e5	1	test	MSL	AFR	male	20260916
HG03442	FC_d5ea246b55ad1713	1	train	MSL	AFR	male	20260916
HG03445	FC_392dfd050a0035f9	1	validation	MSL	AFR	male	20260916
HG03446	FC_a2889ebf3b2ea715	1	validation	MSL	AFR	female	20260916
HG03449	FC_f7bd9285087e2823	1	train	MSL	AFR	female	20260916
HG03451	FC_b72f9024941d82ca	1	train	MSL	AFR	male	20260916
HG03452	FC_1283d45f7d781c85	1	train	MSL	AFR	female	20260916
HG03455	FC_0ece37b038735af4	1	train	MSL	AFR	female	20260916
HG03457	FC_b9e54f4e0e820324	1	train	MSL	AFR	male	20260916
HG03458	FC_d080cc21c6027dad	1	train	MSL	AFR	female	20260916
HG03460	FC_e34c4d26c3001c0e	1	test	MSL	AFR	male	20260916
HG03461	FC_a6e607b189ec9000	1	validation	MSL	AFR	female	20260916
HG03464	FC_d9d512b61e150623	1	train	MSL	AFR	female	20260916
HG03469	FC_0722921865b8b5a6	1	train	MSL	AFR	male	20260916
HG03470	FC_4d26313c5fe0b7fb	1	validation	MSL	AFR	female	20260916
HG03472	FC_fa615c2de11b3c28	1	train	MSL	AFR	male	20260916
HG03473	FC_ab30fa0b41edeaa5	1	train	MSL	AFR	female	20260916
HG03476	FC_4f6a2e23e37c1b17	1	train	MSL	AFR	female	20260916
HG03478	FC_49776872c16357ba	1	train	MSL	AFR	male	20260916
HG03479	FC_46d0967ddf2ba4db	1	test	MSL	AFR	female	20260916
HG03484	FC_a58ff78a8f27d73a	1	train	MSL	AFR	male	20260916
HG03485	FC_06a8216c9513131f	1	train	MSL	AFR	female	20260916
HG03488	FC_62673e180b4daab4	1	train	PJL	SAS	female	20260916
HG03490	FC_ae5f1c9a832c4c83	1	train	PJL	SAS	male	20260916
HG03491	FC_4682e0799f9e224d	1	train	PJL	SAS	female	20260916
HG03499	FC_1f0afd3b5e62fc96	1	train	ESN	AFR	female	20260916
HG03511	FC_0fd42e4c3cd5dfdf	1	train	ESN	AFR	female	20260916
HG03514	FC_f71db23ee1a04c40	1	test	ESN	AFR	female	20260916
HG03515	FC_fe42bbeabbd0d540	1	validation	ESN	AFR	male	20260916
HG03517	FC_350abdca6d1e31db	1	train	ESN	AFR	female	20260916
HG03518	FC_0d7756c021464049	1	train	ESN	AFR	male	20260916
HG03520	FC_bc68503922222367	1	validation	ESN	AFR	female	20260916
HG03521	FC_340216c9e198d3b4	1	validation	ESN	AFR	male	20260916
HG03538	FC_ad1836bb852e6b26	1	train	GWD	AFR	male	20260916
HG03539	FC_71d81b4e96c935fd	1	train	GWD	AFR	female	20260916
HG03547	FC_a97d00ed2be911d3	1	train	MSL	AFR	male	20260916
HG03548	FC_bd9b86961be2cd33	1	validation	MSL	AFR	female	20260916
HG03556	FC_6139a35d2664bcdd	1	train	MSL	AFR	male	20260916
HG03557	FC_358968de00a456e5	1	train	MSL	AFR	female	20260916
HG03558	FC_557898c21f960aa6	1	train	MSL	AFR	female	20260916
HG03559	FC_f1ae3b5eb59cbb93	1	train	MSL	AFR	male	20260916
HG03563	FC_12343cf06769476e	1	test	MSL	AFR	female	20260916
HG03565	FC_cf050dff237ffca2	1	test	MSL	AFR	male	20260916
HG03567	FC_f3e8601762a05dd5	1	test	MSL	AFR	female	20260916
HG03571	FC_ddb1ae8d8f7c16f8	1	train	MSL	AFR	male	20260916
HG03572	FC_215a755524fa3654	1	train	MSL	AFR	female	20260916
HG03575	FC_0b735c6ac1bd1910	1	test	MSL	AFR	female	20260916
HG03577	FC_91b4008e55030eaf	1	train	MSL	AFR	male	20260916
HG03578	FC_cd1193432211e70e	1	train	MSL	AFR	female	20260916
HG03583	FC_759281dbb16bb581	1	test	MSL	AFR	female	20260916
HG03585	FC_cfffebc4a5484999	1	train	BEB	SAS	male	20260916
HG03589	FC_3f8cf2879e7d3dd6	1	train	BEB	SAS	female	20260916
HG03593	FC_f7a567c08d9cc219	1	test	BEB	SAS	male	20260916
HG03594	FC_db49a17fcd599410	1	validation	BEB	SAS	male	20260916
HG03595	FC_93892f8e0139cf46	1	train	BEB	SAS	female	20260916
HG03598	FC_433b70f015b296a9	1	validation	BEB	SAS	female	20260916
HG03600	FC_3a56cd1d029fb5b2	1	train	BEB	SAS	male	20260916
HG03603	FC_9e876bacb5579533	1	validation	BEB	SAS	male	20260916
HG03604	FC_963b98024270b5b3	1	train	BEB	SAS	female	20260916
HG03607	FC_a7e4e4b9a83a6354	1	train	BEB	SAS	female	20260916
HG03611	FC_47b72bd08e375840	1	train	BEB	SAS	female	20260916
HG03615	FC_c78bc9a680b13a10	1	train	BEB	SAS	male	20260916
HG03616	FC_ecb10e988eb4d089	1	train	BEB	SAS	female	20260916
HG03619	FC_21885ac1862e9bad	1	train	PJL	SAS	female	20260916
HG03624	FC_81838a9bd77df766	1	train	PJL	SAS	male	20260916
HG03625	FC_6b3da7961a900ee8	1	train	PJL	SAS	female	20260916
HG03629	FC_13901d89d4ad4075	1	train	PJL	SAS	male	20260916
HG03631	FC_10097ee99f81796c	1	validation	PJL	SAS	female	20260916
HG03634	FC_26bfc4ff4a164db4	1	train	PJL	SAS	female	20260916
HG03636	FC_de98642158506f91	1	train	PJL	SAS	male	20260916
HG03640	FC_66e62a02922f2fb4	1	train	PJL	SAS	female	20260916
HG03642	FC_a5fcd3a10af1fbf4	1	train	STU	SAS	female	20260916
HG03643	FC_5c914bcec0d130cd	1	train	STU	SAS	female	20260916
HG03644	FC_77fd0369e74ecb1f	1	validation	STU	SAS	male	20260916
HG03645	FC_926acbdd5e1b37a3	1	train	STU	SAS	female	20260916
HG03646	FC_cdf81d8eeb953269	1	train	STU	SAS	male	20260916
HG03649	FC_3e17d5904a87a566	1	train	PJL	SAS	male	20260916
HG03652	FC_07f4c3128411a5ac	1	train	PJL	SAS	male	20260916
HG03653	FC_6579456a72ed8e9d	1	train	PJL	SAS	female	20260916
HG03660	FC_fa16d2cca7d36ba3	1	train	PJL	SAS	male	20260916
HG03663	FC_1f9f0d6b0a03e87e	1	train	PJL	SAS	male	20260916
HG03667	FC_736bddabc06bf1dd	1	test	PJL	SAS	male	20260916
HG03668	FC_71d33c294a3db05b	1	train	PJL	SAS	female	20260916
HG03672	FC_b087ef0eb24cc788	1	train	STU	SAS	male	20260916
HG03673	FC_57745710297161c7	1	train	STU	SAS	female	20260916
HG03679	FC_d8bd06a339c06a1c	1	train	STU	SAS	male	20260916
HG03680	FC_d1522cff543f4217	1	test	STU	SAS	male	20260916
HG03681	FC_b6f09acc51002663	1	test	STU	SAS	male	20260916
HG03684	FC_3ce283e670a5013e	1	train	STU	SAS	female	20260916
HG03685	FC_8cc6e3b6d2bd64d5	1	train	STU	SAS	male	20260916
HG03686	FC_645f9406f65fc9d8	1	train	STU	SAS	male	20260916
HG03687	FC_b24522802d10bf47	1	train	STU	SAS	male	20260916
HG03689	FC_0a7e5c9c19e472d8	1	train	STU	SAS	female	20260916
HG03690	FC_cc994a679ba24251	1	validation	STU	SAS	female	20260916
HG03691	FC_5c4bec3d187cad02	1	train	STU	SAS	male	20260916
HG03692	FC_52cdcc997111b8ba	1	train	STU	SAS	female	20260916
HG03693	FC_9259412f1bda4c30	1	train	STU	SAS	male	20260916
HG03694	FC_516bc594e49ab479	1	validation	STU	SAS	male	20260916
HG03695	FC_21b102bd205c81d2	1	train	STU	SAS	male	20260916
HG03696	FC_06d1443f3191d531	1	validation	STU	SAS	male	20260916
HG03697	FC_f31656b96b628e67	1	train	STU	SAS	male	20260916
HG03698	FC_644faa7637fe51aa	1	train	STU	SAS	female	20260916
HG03702	FC_f484bc57fd3eca43	1	validation	PJL	SAS	male	20260916
HG03703	FC_934ad6966da7bdff	1	train	PJL	SAS	female	20260916
HG03705	FC_c893ba5c3afd263d	1	train	PJL	SAS	male	20260916
HG03706	FC_9dfd5642f2ae8d89	1	test	PJL	SAS	female	20260916
HG03708	FC_9261843b4539fe06	1	train	PJL	SAS	male	20260916
HG03709	FC_056fc77c72148f09	1	train	PJL	SAS	female	20260916
HG03711	FC_1af1df7714e7ba9c	1	train	STU	SAS	male	20260916
HG03713	FC_3bf37e9f37050709	1	train	ITU	SAS	male	20260916
HG03714	FC_59eb943cddf78780	1	train	ITU	SAS	female	20260916
HG03716	FC_fca78b159fcb84b9	1	train	ITU	SAS	male	20260916
HG03717	FC_8688bd74d9e64dcc	1	train	ITU	SAS	female	20260916
HG03718	FC_eeefd424a63218dc	1	validation	ITU	SAS	male	20260916
HG03720	FC_0efa386ce11dae51	1	train	ITU	SAS	male	20260916
HG03722	FC_9cd4af839ec3d7eb	1	train	ITU	SAS	female	20260916
HG03727	FC_e3ddcdb3bf7bc624	1	train	ITU	SAS	male	20260916
HG03729	FC_6dd8643e135646ff	1	train	ITU	SAS	male	20260916
HG03730	FC_bbb81f3ef605288e	1	train	ITU	SAS	female	20260916
HG03731	FC_6139cbc739d1db91	1	train	ITU	SAS	female	20260916
HG03733	FC_a64d9762281eb13e	1	test	STU	SAS	female	20260916
HG03736	FC_0ccc400f4c3c7fa9	1	train	STU	SAS	female	20260916
HG03738	FC_8ed4d449eba59dde	1	train	STU	SAS	male	20260916
HG03740	FC_88f5fadac018a917	1	train	STU	SAS	male	20260916
HG03741	FC_0fb8b4d71db32c5f	1	train	STU	SAS	female	20260916
HG03742	FC_fe5d4e74c8d47fbe	1	train	ITU	SAS	male	20260916
HG03743	FC_a57bab76bdfac368	1	train	STU	SAS	male	20260916
HG03744	FC_e706379a65aaf6d5	1	train	STU	SAS	male	20260916
HG03745	FC_6effed96d74f6eba	1	train	STU	SAS	male	20260916
HG03746	FC_ea960e7ddbfa579a	1	validation	STU	SAS	male	20260916
HG03750	FC_f09bc621ebcf17f6	1	validation	STU	SAS	male	20260916
HG03752	FC_b9dd2e08b75b0c68	1	test	STU	SAS	female	20260916
HG03753	FC_509e300e2e53a486	1	train	STU	SAS	male	20260916
HG03754	FC_f96f971432b95f03	1	test	STU	SAS	female	20260916
HG03755	FC_ad12ef96f5bf4328	1	train	STU	SAS	male	20260916
HG03756	FC_c07630c0e0664cb9	1	test	STU	SAS	female	20260916
HG03757	FC_2f883b4974984cc4	1	train	STU	SAS	female	20260916
HG03760	FC_dc3147289de68224	1	train	STU	SAS	female	20260916
HG03762	FC_77085d706b04edaf	1	train	PJL	SAS	female	20260916
HG03765	FC_7efa2c33c6d01a24	1	train	PJL	SAS	female	20260916
HG03767	FC_c50a3c1a97fa9d2f	1	train	PJL	SAS	male	20260916
HG03770	FC_a8d6be65166a005a	1	train	ITU	SAS	female	20260916
HG03771	FC_18d0e7b5c07ba13c	1	train	ITU	SAS	male	20260916
HG03772	FC_529377e967611ecf	1	train	ITU	SAS	female	20260916
HG03773	FC_84b4c55d0369aa5b	1	train	ITU	SAS	male	20260916
HG03774	FC_d79e96891de46459	1	test	ITU	SAS	female	20260916
HG03775	FC_ae177b6aca6ac45c	1	train	ITU	SAS	male	20260916
HG03777	FC_8c8291a035b3184e	1	train	ITU	SAS	male	20260916
HG03778	FC_cb012b3efd55429c	1	train	ITU	SAS	male	20260916
HG03779	FC_2a913bac784e49aa	1	train	ITU	SAS	male	20260916
HG03780	FC_ebb73f1613256fb6	1	train	ITU	SAS	female	20260916
HG03781	FC_d097b70cae2fd406	1	validation	ITU	SAS	female	20260916
HG03782	FC_8370bce14f4fc4d2	1	train	ITU	SAS	female	20260916
HG03784	FC_116ff61172d17828	1	train	ITU	SAS	female	20260916
HG03785	FC_0ce25b1ef56c2cd7	1	train	ITU	SAS	male	20260916
HG03786	FC_ab5db0737bfdd7bc	1	train	ITU	SAS	male	20260916
HG03787	FC_18924d266836d55c	1	validation	ITU	SAS	female	20260916
HG03788	FC_ddb117809c7d3422	1	test	ITU	SAS	male	20260916
HG03789	FC_f6abda5c29405281	1	test	ITU	SAS	female	20260916
HG03790	FC_8ed23f5869beb06e	1	train	ITU	SAS	male	20260916
HG03792	FC_4b9faa04d6e3b9da	1	test	ITU	SAS	male	20260916
HG03793	FC_f5675f7bc5263b9e	1	train	BEB	SAS	female	20260916
HG03796	FC_48fd817bef4911f6	1	test	BEB	SAS	female	20260916
HG03800	FC_07bdf0d2928bf5e8	1	train	BEB	SAS	male	20260916
HG03802	FC_24c52102cd205e55	1	train	BEB	SAS	female	20260916
HG03803	FC_eccb551c0a8bc893	1	train	BEB	SAS	male	20260916
HG03805	FC_1414674aba33d50a	1	test	BEB	SAS	female	20260916
HG03808	FC_63243891fb990d14	1	train	BEB	SAS	female	20260916
HG03809	FC_b5cb5d788d941823	1	train	BEB	SAS	male	20260916
HG03812	FC_5830f562767f8935	1	train	BEB	SAS	male	20260916
HG03814	FC_914311dc24f50c8b	1	train	BEB	SAS	female	20260916
HG03815	FC_81279c321ff5e1f8	1	train	BEB	SAS	male	20260916
HG03817	FC_6254a9c276378a78	1	train	BEB	SAS	female	20260916
HG03821	FC_166abcf6ae6f6b8b	1	test	BEB	SAS	male	20260916
HG03823	FC_a88618f65d5ee29b	1	train	BEB	SAS	female	20260916
HG03824	FC_1908437d824dfc31	1	train	BEB	SAS	male	20260916
HG03826	FC_3406d8b4770762d6	1	train	BEB	SAS	female	20260916
HG03829	FC_a81a912bbd9eee69	1	test	BEB	SAS	female	20260916
HG03830	FC_08a82ed9bdcb7150	1	validation	BEB	SAS	male	20260916
HG03832	FC_0019e45dfd895c39	1	train	BEB	SAS	female	20260916
HG03833	FC_b40bfd75d6f444ec	1	test	BEB	SAS	male	20260916
HG03836	FC_610d0a3c7fe2ece3	1	train	STU	SAS	female	20260916
HG03837	FC_0e3dfaae920b6480	1	train	STU	SAS	male	20260916
HG03838	FC_18a51275dfdbefb5	1	test	STU	SAS	female	20260916
HG03844	FC_f8ec38ac8cda40b4	1	train	STU	SAS	male	20260916
HG03846	FC_29bf14864fb0995c	1	train	STU	SAS	male	20260916
HG03848	FC_cb30c8427a698d40	1	train	STU	SAS	male	20260916
HG03849	FC_6f5d882932c1a61d	1	train	STU	SAS	female	20260916
HG03850	FC_853e5bc9140303dc	1	train	STU	SAS	male	20260916
HG03851	FC_e3c69d05b62092ee	1	validation	STU	SAS	male	20260916
HG03854	FC_94f8103163275d07	1	train	STU	SAS	male	20260916
HG03856	FC_287148873750b7ca	1	train	STU	SAS	male	20260916
HG03857	FC_e4ace40e05bd6159	1	train	STU	SAS	female	20260916
HG03858	FC_5ebcd4c3772cdd99	1	train	STU	SAS	female	20260916
HG03861	FC_73dfd162837d1c45	1	train	ITU	SAS	female	20260916
HG03862	FC_06298927cd8fcd6b	1	train	ITU	SAS	female	20260916
HG03863	FC_e08c08c44917acc7	1	validation	ITU	SAS	female	20260916
HG03864	FC_7c8124f446c5a8a2	1	train	ITU	SAS	male	20260916
HG03866	FC_b12a583d5f92bbac	1	train	ITU	SAS	male	20260916
HG03867	FC_bdfd792cc7aa2079	1	train	ITU	SAS	male	20260916
HG03868	FC_befae54272550992	1	train	ITU	SAS	female	20260916
HG03869	FC_2c2eb7ca6d5148d6	1	train	ITU	SAS	male	20260916
HG03870	FC_b59bc254fb8f5901	1	train	ITU	SAS	male	20260916
HG03871	FC_41cc19ee249324a2	1	train	ITU	SAS	male	20260916
HG03872	FC_b5247fe7d17d00d9	1	train	ITU	SAS	male	20260916
HG03873	FC_1888216949dacb6a	1	train	ITU	SAS	female	20260916
HG03874	FC_7bd2f150ea2ea6fb	1	train	ITU	SAS	female	20260916
HG03875	FC_4676d27353850613	1	train	ITU	SAS	male	20260916
HG03882	FC_ff469278c009e8cc	1	train	ITU	SAS	female	20260916
HG03884	FC_b95bee4f63d9cd26	1	train	STU	SAS	female	20260916
HG03885	FC_8355fc092375eaea	1	train	STU	SAS	male	20260916
HG03886	FC_a153df997dff4f6b	1	train	STU	SAS	female	20260916
HG03887	FC_7181b3ede5d4a519	1	train	STU	SAS	male	20260916
HG03888	FC_858fac4f62d2d20f	1	validation	STU	SAS	female	20260916
HG03890	FC_8e711eeb580ed652	1	train	STU	SAS	male	20260916
HG03894	FC_632240665e9639ee	1	train	STU	SAS	female	20260916
HG03895	FC_d34bf2ff589115bc	1	train	STU	SAS	female	20260916
HG03896	FC_a89c5c8d948eabb9	1	test	STU	SAS	male	20260916
HG03897	FC_1c205dc8e2b60d81	1	train	STU	SAS	female	20260916
HG03898	FC_242957ab48c93ff2	1	train	STU	SAS	female	20260916
HG03899	FC_b9fd1637c56d0f2a	1	train	STU	SAS	male	20260916
HG03900	FC_b08d5c2667cea661	1	train	STU	SAS	male	20260916
HG03902	FC_fbca0cf7b58e2248	1	train	BEB	SAS	male	20260916
HG03905	FC_47a8850d37cebb57	1	train	BEB	SAS	male	20260916
HG03907	FC_e3ce0e0282e6c201	1	validation	BEB	SAS	female	20260916
HG03908	FC_9df43396424ea828	1	test	BEB	SAS	male	20260916
HG03910	FC_70123455cb413eb8	1	train	BEB	SAS	female	20260916
HG03911	FC_213679b14b8ba32d	1	validation	BEB	SAS	male	20260916
HG03913	FC_fe9c190810a780b1	1	test	BEB	SAS	female	20260916
HG03914	FC_a36b0bc50c19e651	1	train	BEB	SAS	male	20260916
HG03916	FC_c99419846e949494	1	train	BEB	SAS	female	20260916
HG03917	FC_f0b7c65c9d888a4e	1	train	BEB	SAS	male	20260916
HG03919	FC_dddfe9b16a909252	1	train	BEB	SAS	female	20260916
HG03920	FC_de261246bc2b80f4	1	validation	BEB	SAS	male	20260916
HG03922	FC_fdd4fa5a268bd2a7	1	train	BEB	SAS	female	20260916
HG03925	FC_666be75e4d7b8138	1	test	BEB	SAS	female	20260916
HG03926	FC_ffa302e9be0060ed	1	test	BEB	SAS	male	20260916
HG03928	FC_95ba44e0b99047b4	1	train	BEB	SAS	female	20260916
HG03931	FC_fdb973a41e843121	1	train	BEB	SAS	female	20260916
HG03934	FC_7cdeb72aeda0b913	1	validation	BEB	SAS	female	20260916
HG03937	FC_96fca90d47ed4cce	1	test	BEB	SAS	female	20260916
HG03940	FC_4e7ccfd220584de4	1	train	BEB	SAS	female	20260916
HG03941	FC_9bb9245bc62583be	1	train	BEB	SAS	male	20260916
HG03943	FC_1f1f809562dff27a	1	test	STU	SAS	male	20260916
HG03944	FC_5284b42ca587506b	1	train	STU	SAS	female	20260916
HG03945	FC_1628ae4f0b07faeb	1	train	STU	SAS	female	20260916
HG03947	FC_d29a1f5d44ca93fd	1	test	STU	SAS	female	20260916
HG03949	FC_ddaf23e5f2a60710	1	train	STU	SAS	female	20260916
HG03950	FC_ee861f16b5cffce9	1	validation	STU	SAS	male	20260916
HG03951	FC_46f69c3a6675e69d	1	train	STU	SAS	female	20260916
HG03953	FC_72d056b00b5e4a90	1	validation	STU	SAS	male	20260916
HG03955	FC_2e4e9ce06d7ef544	1	train	STU	SAS	female	20260916
HG03960	FC_c0c41fc1c00555bf	1	train	ITU	SAS	male	20260916
HG03963	FC_bdcb5c483827252c	1	train	ITU	SAS	male	20260916
HG03965	FC_760989ea52a607bc	1	train	ITU	SAS	male	20260916
HG03967	FC_f9a8118a7069f8a1	1	train	ITU	SAS	male	20260916
HG03968	FC_d6d4fc49de35ddd5	1	train	ITU	SAS	female	20260916
HG03969	FC_36a22e3fe23ce1a1	1	test	ITU	SAS	male	20260916
HG03971	FC_a7251b84ba22980f	1	test	ITU	SAS	male	20260916
HG03973	FC_64ba70d71438bd77	1	test	ITU	SAS	female	20260916
HG03974	FC_f5f449481986323b	1	test	ITU	SAS	male	20260916
HG03976	FC_49263f77975d596d	1	train	ITU	SAS	male	20260916
HG03977	FC_7bb11165c65fb3c0	1	train	ITU	SAS	female	20260916
HG03978	FC_088da141e89542df	1	train	ITU	SAS	male	20260916
HG03985	FC_b9b61786880f1fd6	1	train	STU	SAS	male	20260916
HG03986	FC_43dd860cd5343702	1	train	STU	SAS	female	20260916
HG03989	FC_9f2957ffd771fc9f	1	validation	STU	SAS	female	20260916
HG03990	FC_49f489e7d1c58846	1	train	STU	SAS	male	20260916
HG03991	FC_f0beb64006cccf7b	1	train	STU	SAS	male	20260916
HG03995	FC_c0ccd394472a10f2	1	validation	STU	SAS	female	20260916
HG03998	FC_07fb859e34a4b574	1	test	STU	SAS	male	20260916
HG03999	FC_60949d68b8ab9e71	1	train	STU	SAS	male	20260916
HG04001	FC_f42ac17d9e5e0950	1	validation	ITU	SAS	female	20260916
HG04002	FC_5ffc6389ead80f56	1	validation	ITU	SAS	male	20260916
HG04003	FC_7895538438eb6f41	1	train	STU	SAS	male	20260916
HG04006	FC_6228e657447628c1	1	train	STU	SAS	male	20260916
HG04014	FC_695b09c877b26d1c	1	validation	ITU	SAS	female	20260916
HG04015	FC_98980924300cb04b	1	train	ITU	SAS	male	20260916
HG04017	FC_a66fb0893158f535	1	train	ITU	SAS	male	20260916
HG04018	FC_a59bf904958f33cd	1	train	ITU	SAS	female	20260916
HG04019	FC_64c5a53ffa7ce35a	1	test	ITU	SAS	male	20260916
HG04020	FC_571a7f2e79cfcb34	1	train	ITU	SAS	male	20260916
HG04022	FC_3034589ca47fdc6b	1	validation	ITU	SAS	male	20260916
HG04023	FC_a1cbc75c5fafe292	1	test	ITU	SAS	male	20260916
HG04025	FC_7269b1a0f2c6806e	1	test	ITU	SAS	female	20260916
HG04026	FC_346c75aa23941314	1	train	ITU	SAS	female	20260916
HG04029	FC_15054cb83d90ee5b	1	test	STU	SAS	female	20260916
HG04033	FC_f4deba28305943cd	1	train	STU	SAS	male	20260916
HG04035	FC_44f68974fb4cc2da	1	test	STU	SAS	female	20260916
HG04038	FC_4c84abf0b435817b	1	train	STU	SAS	female	20260916
HG04039	FC_fc887df0436fae89	1	train	STU	SAS	male	20260916
HG04042	FC_0ee8defe92cd7593	1	validation	STU	SAS	female	20260916
HG04047	FC_01393c2ca59ef3e2	1	train	STU	SAS	female	20260916
HG04054	FC_ff595a937e03bbe8	1	train	ITU	SAS	female	20260916
HG04056	FC_2f82a43980165176	1	train	ITU	SAS	male	20260916
HG04059	FC_442cfbdd5901a1b6	1	train	ITU	SAS	female	20260916
HG04060	FC_036d8ad9b4d316a5	1	train	ITU	SAS	male	20260916
HG04061	FC_6711212bc9a22442	1	train	ITU	SAS	male	20260916
HG04062	FC_fe34b82c9353e05f	1	train	ITU	SAS	female	20260916
HG04063	FC_93f8d587519b9d46	1	test	ITU	SAS	female	20260916
HG04070	FC_6a5e007766307da5	1	test	ITU	SAS	female	20260916
HG04075	FC_bd7b212fb4c68649	1	validation	STU	SAS	female	20260916
HG04076	FC_c95cee4bc2655a8f	1	test	ITU	SAS	female	20260916
HG04080	FC_fd1613d1781f21c3	1	train	ITU	SAS	male	20260916
HG04090	FC_57b120dadc56ce02	1	test	ITU	SAS	female	20260916
HG04093	FC_35ec82f547c11e37	1	train	ITU	SAS	male	20260916
HG04094	FC_d631cfc758d0a2cb	1	train	ITU	SAS	male	20260916
HG04096	FC_510c48deeb90634a	1	train	ITU	SAS	male	20260916
HG04098	FC_c4d63c963562fd33	1	train	ITU	SAS	male	20260916
HG04099	FC_cc1d9d78726829f2	1	validation	STU	SAS	female	20260916
HG04100	FC_f9b48d722e20c9aa	1	train	STU	SAS	male	20260916
HG04106	FC_8af37510405b463d	1	train	STU	SAS	female	20260916
HG04107	FC_ca28100d17945ae2	1	train	STU	SAS	male	20260916
HG04118	FC_5c83ad69d1c23c15	1	train	ITU	SAS	female	20260916
HG04131	FC_143d656969bfdcfb	1	test	BEB	SAS	male	20260916
HG04134	FC_6fdd89168be80739	1	train	BEB	SAS	male	20260916
HG04140	FC_98d65e02127a8a98	1	train	BEB	SAS	male	20260916
HG04141	FC_ab511f30f8ef7401	1	validation	BEB	SAS	female	20260916
HG04144	FC_566a52e813d9f0be	1	validation	BEB	SAS	female	20260916
HG04146	FC_d04b0e8600d2581c	1	train	BEB	SAS	male	20260916
HG04152	FC_f906313956058147	1	train	BEB	SAS	male	20260916
HG04153	FC_8e78b1d2352aa101	1	train	BEB	SAS	female	20260916
HG04155	FC_ab29bfb7d3e6e3a8	1	validation	BEB	SAS	male	20260916
HG04156	FC_4e53b89c754e025d	1	validation	BEB	SAS	female	20260916
HG04158	FC_f1075e023e288deb	1	train	BEB	SAS	male	20260916
HG04159	FC_f6735fa749865216	1	validation	BEB	SAS	female	20260916
HG04161	FC_2463c11d3ed7caa5	1	test	BEB	SAS	male	20260916
HG04162	FC_1cacb2a68112e9bc	1	train	BEB	SAS	female	20260916
HG04164	FC_de63710d6ec5219e	1	validation	BEB	SAS	male	20260916
HG04171	FC_47ff9984f1dbb1d1	1	train	BEB	SAS	female	20260916
HG04173	FC_1419c320c086f569	1	train	BEB	SAS	male	20260916
HG04176	FC_4d865868e3a4904f	1	test	BEB	SAS	male	20260916
HG04177	FC_0cf7eab5f2bc475e	1	train	BEB	SAS	female	20260916
HG04180	FC_a17aa6bcae7c015e	1	validation	BEB	SAS	female	20260916
HG04182	FC_1caed5d0a3b35fef	1	train	BEB	SAS	male	20260916
HG04183	FC_9decc225cc4bdda0	1	test	BEB	SAS	female	20260916
HG04185	FC_0a00f7879eee831c	1	train	BEB	SAS	male	20260916
HG04186	FC_87a32702a69a2e7f	1	validation	BEB	SAS	female	20260916
HG04188	FC_ba657fe06717885d	1	train	BEB	SAS	male	20260916
HG04189	FC_f43857041d54e6c7	1	train	BEB	SAS	female	20260916
HG04194	FC_ab4121433ea86823	1	train	BEB	SAS	male	20260916
HG04195	FC_132cd73065a43744	1	train	BEB	SAS	female	20260916
HG04198	FC_4cb508755d9707c8	1	validation	ITU	SAS	male	20260916
HG04200	FC_dc874a6d8202ad78	1	validation	ITU	SAS	female	20260916
HG04202	FC_4218a68523547cf9	1	validation	ITU	SAS	female	20260916
HG04206	FC_b7d43c7dc307300b	1	test	ITU	SAS	male	20260916
HG04209	FC_ab47937037f24a6c	1	validation	ITU	SAS	female	20260916
HG04210	FC_220285ae71872861	1	train	STU	SAS	male	20260916
HG04211	FC_d738431f4704dc55	1	train	ITU	SAS	male	20260916
HG04212	FC_79880d7cd1be491d	1	validation	ITU	SAS	female	20260916
HG04214	FC_a0573b60459db685	1	train	ITU	SAS	female	20260916
HG04216	FC_46b2e8753b908a8d	1	train	ITU	SAS	female	20260916
HG04219	FC_f58734741de23c9a	1	train	ITU	SAS	male	20260916
HG04222	FC_7a7a9ba66da2bcaa	1	train	ITU	SAS	male	20260916
HG04225	FC_b8765982daa198c4	1	train	ITU	SAS	male	20260916
HG04227	FC_a4b79a842c6063e5	1	train	STU	SAS	female	20260916
HG04229	FC_501a2c3385c44fda	1	test	STU	SAS	male	20260916
HG04235	FC_bbd48dc277015398	1	test	ITU	SAS	male	20260916
HG04238	FC_4d9a8211c9256ee8	1	train	ITU	SAS	male	20260916
HG04239	FC_0d58aa80c17af4e6	1	train	ITU	SAS	male	20260916
NA06984	FC_8931cceef8bc58a7	1	train	CEU	EUR	male	20260916
NA06985	FC_35c759536db141b8	1	train	CEU	EUR	female	20260916
NA06986	FC_e2c0c475eba0983f	1	train	CEU	EUR	male	20260916
NA06989	FC_0febc60ae90a88ee	1	train	CEU	EUR	female	20260916
NA06994	FC_98588d2ec4efad93	1	train	CEU	EUR	male	20260916
NA07000	FC_0ac4026882e05980	1	train	CEU	EUR	female	20260916
NA07037	FC_fb8ad8e6c579e496	1	train	CEU	EUR	female	20260916
NA07048	FC_10e27c44f749fa30	1	train	CEU	EUR	male	20260916
NA07051	FC_c05d097cf215b373	1	validation	CEU	EUR	male	20260916
NA07056	FC_8da8912e25b04908	1	train	CEU	EUR	female	20260916
NA07347	FC_9fa5c4e9b7a44e87	1	validation	CEU	EUR	male	20260916
NA07357	FC_feb51835f94717e4	1	train	CEU	EUR	male	20260916
NA10847	FC_397c147aa7a4f3b6	1	validation	CEU	EUR	female	20260916
NA10851	FC_88e5a7bf784ccdf1	1	validation	CEU	EUR	male	20260916
NA11829	FC_d4c7b703bd221e62	1	train	CEU	EUR	male	20260916
NA11830	FC_b77fdde5254024e5	1	train	CEU	EUR	female	20260916
NA11831	FC_0ed83f73305fb551	1	train	CEU	EUR	male	20260916
NA11832	FC_03691913eba9b7bb	1	train	CEU	EUR	female	20260916
NA11840	FC_508d5e0a4e2c7b56	1	train	CEU	EUR	female	20260916
NA11843	FC_068e69f3f0f7634d	1	train	CEU	EUR	male	20260916
NA11881	FC_935b8db1c9471b22	1	train	CEU	EUR	male	20260916
NA11892	FC_3b841d76df26d522	1	validation	CEU	EUR	female	20260916
NA11893	FC_4719ac2f86479d87	1	train	CEU	EUR	male	20260916
NA11894	FC_db3cb4b6c3fbae6d	1	test	CEU	EUR	female	20260916
NA11918	FC_ae77e3204c193337	1	train	CEU	EUR	female	20260916
NA11919	FC_284fcf0c6f8174a6	1	train	CEU	EUR	male	20260916
NA11920	FC_3784fe4ff686ff2e	1	train	CEU	EUR	female	20260916
NA11930	FC_90973b4178cf126f	1	train	CEU	EUR	male	20260916
NA11931	FC_d09843171fc5511c	1	train	CEU	EUR	female	20260916
NA11932	FC_f5adfd6babdbabaa	1	validation	CEU	EUR	male	20260916
NA11933	FC_c1039d0cfa66068f	1	train	CEU	EUR	female	20260916
NA11992	FC_f29126aea6e76aed	1	train	CEU	EUR	male	20260916
NA11994	FC_d28bfd893dd9321e	1	train	CEU	EUR	male	20260916
NA11995	FC_3c6141a8ceb0f19e	1	train	CEU	EUR	female	20260916
NA12003	FC_7ce3469f50eeb808	1	test	CEU	EUR	male	20260916
NA12004	FC_874c06e1b5e53342	1	train	CEU	EUR	female	20260916
NA12005	FC_6c38f0f315101b63	1	test	CEU	EUR	male	20260916
NA12006	FC_9e6cfbe2ade02d20	1	train	CEU	EUR	female	20260916
NA12043	FC_c3b6489d702adb7c	1	train	CEU	EUR	male	20260916
NA12044	FC_23dff7d19642f8fb	1	train	CEU	EUR	female	20260916
NA12045	FC_d84858bdd068b283	1	train	CEU	EUR	male	20260916
NA12046	FC_63268a21e9cada64	1	train	CEU	EUR	female	20260916
NA12058	FC_bf27e825fbb1638b	1	train	CEU	EUR	female	20260916
NA12144	FC_852810fc369ec3f9	1	validation	CEU	EUR	male	20260916
NA12154	FC_0446951d8e83902c	1	train	CEU	EUR	male	20260916
NA12155	FC_bcc18e195d75d0fc	1	test	CEU	EUR	male	20260916
NA12156	FC_319a070a9f33b3a7	1	train	CEU	EUR	female	20260916
NA12234	FC_bf98b7507cb060bd	1	train	CEU	EUR	female	20260916
NA12249	FC_2436c33dfce362d1	1	train	CEU	EUR	female	20260916
NA12272	FC_c003fff3521abad0	1	test	CEU	EUR	male	20260916
NA12273	FC_d1875d4498165936	1	test	CEU	EUR	female	20260916
NA12275	FC_e9143dd57dcbe7f0	1	test	CEU	EUR	female	20260916
NA12282	FC_d3292359a5b97cde	1	validation	CEU	EUR	male	20260916
NA12283	FC_5b7a7db65c15bafe	1	train	CEU	EUR	female	20260916
NA12286	FC_83682812dd5df35c	1	train	CEU	EUR	male	20260916
NA12287	FC_2406ff3746958447	1	test	CEU	EUR	female	20260916
NA12340	FC_be56cbf20c186a7d	1	validation	CEU	EUR	male	20260916
NA12341	FC_6a2432a7db12284b	1	train	CEU	EUR	female	20260916
NA12342	FC_17b38eaee250d249	1	train	CEU	EUR	male	20260916
NA12347	FC_9bcb18a29353aa8a	1	validation	CEU	EUR	male	20260916
NA12348	FC_261ff663d2e4dad1	1	test	CEU	EUR	female	20260916
NA12383	FC_22724e0372de62fe	1	train	CEU	EUR	female	20260916
NA12399	FC_ddabf63b81132c6d	1	train	CEU	EUR	male	20260916
NA12400	FC_e4c381899ed08981	1	test	CEU	EUR	female	20260916
NA12413	FC_39c9d2e1b498342b	1	train	CEU	EUR	male	20260916
NA12414	FC_6ec36ea8be20c1da	1	train	CEU	EUR	female	20260916
NA12489	FC_24f9d050fcf7bca4	1	train	CEU	EUR	female	20260916
NA12546	FC_f9aaa316874f9e92	1	train	CEU	EUR	male	20260916
NA12716	FC_81526f9c859e0bd3	1	train	CEU	EUR	male	20260916
NA12717	FC_445639d9a5e1be16	1	train	CEU	EUR	female	20260916
NA12718	FC_71499f7c5cad4cff	1	train	CEU	EUR	female	20260916
NA12748	FC_08796c6d64cb68f9	1	train	CEU	EUR	male	20260916
NA12749	FC_dede97d3fff12484	1	train	CEU	EUR	female	20260916
NA12750	FC_0e1ffd9707d4328e	1	test	CEU	EUR	male	20260916
NA12751	FC_72433199e0bdc227	1	train	CEU	EUR	female	20260916
NA12760	FC_1fee6ee47be57dfd	1	train	CEU	EUR	male	20260916
NA12761	FC_62e8d7ae971725ac	1	train	CEU	EUR	female	20260916
NA12762	FC_1732be9bb60d244b	1	train	CEU	EUR	male	20260916
NA12763	FC_90c015c45aa5358d	1	test	CEU	EUR	female	20260916
NA12775	FC_f25051c6dcc88ee2	1	validation	CEU	EUR	male	20260916
NA12776	FC_e7e8fe6f4a4d93c0	1	train	CEU	EUR	female	20260916
NA12777	FC_9fb44693a76012e3	1	train	CEU	EUR	male	20260916
NA12778	FC_c741c5e2c025438f	1	train	CEU	EUR	female	20260916
NA12812	FC_b9dd3329c3907712	1	test	CEU	EUR	male	20260916
NA12813	FC_169a42792f2b9d8c	1	train	CEU	EUR	female	20260916
NA12814	FC_bbaba69a5875d4c6	1	validation	CEU	EUR	male	20260916
NA12815	FC_c22f0d1edb09d614	1	train	CEU	EUR	female	20260916
NA12827	FC_f6a14d25a2ad3f61	1	train	CEU	EUR	male	20260916
NA12828	FC_57815e60d500b168	1	train	CEU	EUR	female	20260916
NA12829	FC_03aae52c45f6cc80	1	train	CEU	EUR	male	20260916
NA12830	FC_086b75b6d3266552	1	train	CEU	EUR	female	20260916
NA12842	FC_a5fca1c9ab172e2d	1	train	CEU	EUR	male	20260916
NA12843	FC_a65c7f07840edd8c	1	test	CEU	EUR	female	20260916
NA12872	FC_9fac51c284b7d6fa	1	train	CEU	EUR	male	20260916
NA12873	FC_527453e7df462e75	1	train	CEU	EUR	female	20260916
NA12874	FC_6d72b8d946a38461	1	train	CEU	EUR	male	20260916
NA12878	FC_3bac9c38efaa80c7	1	train	CEU	EUR	female	20260916
NA12889	FC_ef852805e1962049	1	train	CEU	EUR	male	20260916
NA12890	FC_8e85014e2f8a336c	1	test	CEU	EUR	female	20260916
NA18486	FC_f282c46772ae8996	1	test	YRI	AFR	male	20260916
NA18488	FC_16c0d8d9f7f4c783	1	validation	YRI	AFR	female	20260916
NA18489	FC_8927e71a1f7feab7	1	train	YRI	AFR	female	20260916
NA18498	FC_1435c6bbcb223a83	1	train	YRI	AFR	male	20260916
NA18499	FC_d15aa7c7b4a04561	1	test	YRI	AFR	female	20260916
NA18501	FC_51294a6f7255f055	1	validation	YRI	AFR	male	20260916
NA18502	FC_da337ba0130a571f	1	train	YRI	AFR	female	20260916
NA18504	FC_900199ab6cbe9c53	1	train	YRI	AFR	male	20260916
NA18505	FC_955ed30baeac6832	1	train	YRI	AFR	female	20260916
NA18507	FC_9cfe4e5fce5097b8	1	test	YRI	AFR	male	20260916
NA18508	FC_44d31d94989695f4	1	validation	YRI	AFR	female	20260916
NA18510	FC_ccc2ffb19be574bc	1	train	YRI	AFR	male	20260916
NA18511	FC_d9dad20b058d3bf8	1	train	YRI	AFR	female	20260916
NA18516	FC_c241c53d77e18b55	1	train	YRI	AFR	male	20260916
NA18517	FC_3ac4dc4a2f2de254	1	train	YRI	AFR	female	20260916
NA18519	FC_cc087ff4c98a1997	1	train	YRI	AFR	male	20260916
NA18520	FC_e505952e5aebe9a1	1	train	YRI	AFR	female	20260916
NA18522	FC_2ca3df10c3b68243	1	test	YRI	AFR	male	20260916
NA18523	FC_c0a27c0e03691f7e	1	test	YRI	AFR	female	20260916
NA18525	FC_5ca048ba99f7463f	1	train	CHB	EAS	female	20260916
NA18526	FC_f90405ece005c8e5	1	train	CHB	EAS	female	20260916
NA18528	FC_86711e3a9ebf723f	1	train	CHB	EAS	female	20260916
NA18530	FC_b3154f8a0bbc2aa6	1	validation	CHB	EAS	male	20260916
NA18531	FC_2e77b3cfede8b03e	1	train	CHB	EAS	female	20260916
NA18532	FC_5e81e308d8a47e66	1	train	CHB	EAS	female	20260916
NA18533	FC_7679d117e8225c31	1	train	CHB	EAS	female	20260916
NA18534	FC_fa1785373713cded	1	train	CHB	EAS	male	20260916
NA18535	FC_dff220c15605b48d	1	train	CHB	EAS	female	20260916
NA18536	FC_6de9863a4ba9141d	1	train	CHB	EAS	male	20260916
NA18537	FC_def3655461f7c0be	1	train	CHB	EAS	female	20260916
NA18538	FC_3f8944117acee6b2	1	train	CHB	EAS	female	20260916
NA18539	FC_083c61201e27fd85	1	train	CHB	EAS	female	20260916
NA18541	FC_860728be6dec0ac2	1	train	CHB	EAS	female	20260916
NA18542	FC_b16a63e5fa66e423	1	train	CHB	EAS	female	20260916
NA18543	FC_e7ced16e89d28c11	1	test	CHB	EAS	male	20260916
NA18544	FC_c2feb005fbf738cf	1	train	CHB	EAS	male	20260916
NA18545	FC_7ad69280344e5608	1	test	CHB	EAS	female	20260916
NA18546	FC_2b6ee9a379559c3d	1	test	CHB	EAS	male	20260916
NA18547	FC_d847732b932ab1d5	1	train	CHB	EAS	female	20260916
NA18548	FC_bdbe528345f3d30b	1	train	CHB	EAS	male	20260916
NA18549	FC_661c9ec2a709e382	1	train	CHB	EAS	male	20260916
NA18550	FC_3dd5bd61ecee14a2	1	train	CHB	EAS	female	20260916
NA18552	FC_0706dd32d7bbf837	1	validation	CHB	EAS	female	20260916
NA18553	FC_e77066c76e4b1699	1	test	CHB	EAS	female	20260916
NA18555	FC_9fd284992c196713	1	test	CHB	EAS	female	20260916
NA18557	FC_548dfd7faee1ba12	1	test	CHB	EAS	male	20260916
NA18558	FC_aefd24464ab4d80c	1	validation	CHB	EAS	male	20260916
NA18559	FC_803bbb8d2f5e6f77	1	train	CHB	EAS	male	20260916
NA18560	FC_894d7566f30c99a0	1	train	CHB	EAS	female	20260916
NA18561	FC_b2c8263b40dc6568	1	train	CHB	EAS	male	20260916
NA18562	FC_cadf2c6e23004892	1	train	CHB	EAS	male	20260916
NA18563	FC_106f2568dec517f8	1	train	CHB	EAS	male	20260916
NA18564	FC_a63f1e49eac1cc61	1	train	CHB	EAS	female	20260916
NA18565	FC_1b096a9ec9fde342	1	train	CHB	EAS	female	20260916
NA18566	FC_6efe9e3ea916c36f	1	test	CHB	EAS	female	20260916
NA18567	FC_46d3e8f48af4489b	1	validation	CHB	EAS	female	20260916
NA18570	FC_c5323b827c53f2f7	1	train	CHB	EAS	female	20260916
NA18571	FC_50b17eea505afb34	1	validation	CHB	EAS	female	20260916
NA18572	FC_85ef7ac811216ba0	1	train	CHB	EAS	male	20260916
NA18573	FC_337e50872155ed57	1	train	CHB	EAS	female	20260916
NA18574	FC_b0141c30c93a3db9	1	train	CHB	EAS	female	20260916
NA18577	FC_4cdcb48ba7314246	1	train	CHB	EAS	female	20260916
NA18579	FC_62e24eedaf4d8054	1	validation	CHB	EAS	female	20260916
NA18582	FC_c9c37d703f3491e7	1	train	CHB	EAS	female	20260916
NA18591	FC_5c6f7401cb7a5482	1	train	CHB	EAS	female	20260916
NA18592	FC_3dfdb26eeb5a8fa4	1	train	CHB	EAS	female	20260916
NA18593	FC_21bd4fd885cc9db7	1	train	CHB	EAS	female	20260916
NA18595	FC_352758cc80b69aed	1	train	CHB	EAS	female	20260916
NA18596	FC_e491f56deedf7d27	1	train	CHB	EAS	female	20260916
NA18597	FC_0c0bf688da78d28a	1	train	CHB	EAS	female	20260916
NA18599	FC_44d56815e565b8b9	1	validation	CHB	EAS	female	20260916
NA18602	FC_944784f9c991939e	1	test	CHB	EAS	female	20260916
NA18603	FC_9189c5765e6738c6	1	train	CHB	EAS	male	20260916
NA18605	FC_bf60a755995143b0	1	train	CHB	EAS	male	20260916
NA18606	FC_27b40528ac09bf15	1	train	CHB	EAS	male	20260916
NA18608	FC_5dc468bcdd374eb7	1	train	CHB	EAS	male	20260916
NA18609	FC_c67390371ed9dfe0	1	test	CHB	EAS	male	20260916
NA18610	FC_c664fa90ce96fd0e	1	validation	CHB	EAS	female	20260916
NA18611	FC_acd31fecac987e88	1	train	CHB	EAS	male	20260916
NA18612	FC_16bf66ba53e36db2	1	train	CHB	EAS	male	20260916
NA18613	FC_709a1e6e7ed473e6	1	validation	CHB	EAS	male	20260916
NA18614	FC_9947f37365ad4dee	1	validation	CHB	EAS	female	20260916
NA18615	FC_e8a3e0d1521acbf9	1	train	CHB	EAS	female	20260916
NA18616	FC_e94d542dafd92229	1	train	CHB	EAS	female	20260916
NA18617	FC_73cb2be4600aaf73	1	train	CHB	EAS	female	20260916
NA18618	FC_ba5bbc7aae70acd0	1	test	CHB	EAS	female	20260916
NA18619	FC_1b3199c71365b943	1	validation	CHB	EAS	female	20260916
NA18620	FC_3d92fdeb041b4fec	1	train	CHB	EAS	male	20260916
NA18621	FC_a89378aff142ad42	1	test	CHB	EAS	male	20260916
NA18622	FC_e341573b68205686	1	validation	CHB	EAS	male	20260916
NA18623	FC_6815c8f829ea1d6e	1	train	CHB	EAS	male	20260916
NA18624	FC_0285a5fd145cbc4f	1	test	CHB	EAS	male	20260916
NA18625	FC_bacaa0b7b07783bc	1	train	CHB	EAS	female	20260916
NA18626	FC_7265fd4fbd0199a1	1	train	CHB	EAS	female	20260916
NA18627	FC_764d94922890c65d	1	train	CHB	EAS	female	20260916
NA18628	FC_37af691623fb7fc8	1	validation	CHB	EAS	female	20260916
NA18629	FC_2b41320a2f9a5cb9	1	train	CHB	EAS	male	20260916
NA18630	FC_4ba20c992e45bf54	1	train	CHB	EAS	female	20260916
NA18631	FC_600818491be627fc	1	train	CHB	EAS	female	20260916
NA18632	FC_1358f5e2b18257b5	1	train	CHB	EAS	male	20260916
NA18633	FC_2acb68a82a541420	1	validation	CHB	EAS	male	20260916
NA18634	FC_f0156490bbabd836	1	train	CHB	EAS	female	20260916
NA18635	FC_433a4af9c225bf50	1	train	CHB	EAS	male	20260916
NA18636	FC_4139430fddc33f10	1	train	CHB	EAS	male	20260916
NA18637	FC_d9c5d87a1dc83b50	1	train	CHB	EAS	male	20260916
NA18638	FC_284191aaef3c8684	1	test	CHB	EAS	male	20260916
NA18639	FC_79ba43dafa440e10	1	train	CHB	EAS	male	20260916
NA18640	FC_851c9d0c11933966	1	train	CHB	EAS	female	20260916
NA18641	FC_c337c10c7a266752	1	train	CHB	EAS	female	20260916
NA18642	FC_067310903be38aaa	1	test	CHB	EAS	female	20260916
NA18643	FC_8ca6a07db3a26ccf	1	train	CHB	EAS	male	20260916
NA18644	FC_15d72ef343bbc683	1	train	CHB	EAS	female	20260916
NA18645	FC_8ea0050228bfe957	1	validation	CHB	EAS	male	20260916
NA18646	FC_7aaf9bdf65324686	1	train	CHB	EAS	female	20260916
NA18647	FC_4a91ed146766cda1	1	validation	CHB	EAS	male	20260916
NA18648	FC_bedebebaabe94530	1	test	CHB	EAS	male	20260916
NA18740	FC_352042189b73ab21	1	train	CHB	EAS	male	20260916
NA18745	FC_0fc81fe8f5632bcd	1	train	CHB	EAS	male	20260916
NA18747	FC_c0e709a4004a059c	1	test	CHB	EAS	male	20260916
NA18748	FC_fb62497c9bddf4b2	1	train	CHB	EAS	male	20260916
NA18749	FC_50f543e2b256c44e	1	train	CHB	EAS	male	20260916
NA18757	FC_316cdcad6fa7f100	1	train	CHB	EAS	male	20260916
NA18853	FC_8521cf301fca5ed9	1	train	YRI	AFR	male	20260916
NA18856	FC_f35da65466cee23b	1	train	YRI	AFR	male	20260916
NA18858	FC_a4b1430ee7b7ec4d	1	validation	YRI	AFR	female	20260916
NA18861	FC_2b21e215e8b5d17a	1	train	YRI	AFR	female	20260916
NA18864	FC_6931424ae6a8e72f	1	train	YRI	AFR	female	20260916
NA18865	FC_24c52a663f810765	1	train	YRI	AFR	male	20260916
NA18867	FC_e97cdbe4f8948cc5	1	validation	YRI	AFR	female	20260916
NA18868	FC_a67d2cabab64f999	1	train	YRI	AFR	male	20260916
NA18870	FC_5d83c6eef0346308	1	train	YRI	AFR	female	20260916
NA18871	FC_407455fd40dcb7a1	1	train	YRI	AFR	male	20260916
NA18873	FC_c28a8acd9bc47a52	1	train	YRI	AFR	female	20260916
NA18874	FC_81d57c9ed8aeb114	1	train	YRI	AFR	male	20260916
NA18876	FC_059223aa3ac55f31	1	train	YRI	AFR	female	20260916
NA18877	FC_b11b2d13152a603d	1	validation	YRI	AFR	male	20260916
NA18878	FC_cd908c50083ff22c	1	train	YRI	AFR	female	20260916
NA18879	FC_ba5263095cba9aac	1	test	YRI	AFR	male	20260916
NA18881	FC_0fd842b2cf603ec3	1	train	YRI	AFR	female	20260916
NA18907	FC_a6a027360e874fd6	1	train	YRI	AFR	female	20260916
NA18908	FC_fef1578bbe822ad3	1	train	YRI	AFR	male	20260916
NA18909	FC_dc37d1b828c8b9d4	1	validation	YRI	AFR	female	20260916
NA18910	FC_61074b84f7a08b6c	1	validation	YRI	AFR	male	20260916
NA18912	FC_84e4a7fdb8385450	1	train	YRI	AFR	female	20260916
NA18915	FC_425125ff108fa22c	1	train	YRI	AFR	male	20260916
NA18916	FC_309a4acb062d9c7d	1	train	YRI	AFR	female	20260916
NA18917	FC_929210c7ae2cb5c4	1	train	YRI	AFR	male	20260916
NA18923	FC_32b289bb959bf2e0	1	validation	YRI	AFR	male	20260916
NA18924	FC_6ef7e21c7f9e8e67	1	test	YRI	AFR	female	20260916
NA18933	FC_d3da82269fcc622b	1	validation	YRI	AFR	female	20260916
NA18934	FC_ffeca8480babdd52	1	validation	YRI	AFR	male	20260916
NA18939	FC_166f5f6816e54b37	1	validation	JPT	EAS	female	20260916
NA18940	FC_463ccf7c2565ab38	1	validation	JPT	EAS	male	20260916
NA18941	FC_6d79c1821589b951	1	train	JPT	EAS	female	20260916
NA18942	FC_e2c5ac472fb61957	1	validation	JPT	EAS	female	20260916
NA18943	FC_8e73e553c8aac115	1	train	JPT	EAS	male	20260916
NA18944	FC_6f4de9f18efdbcac	1	train	JPT	EAS	male	20260916
NA18945	FC_46ba74b28a8c1107	1	train	JPT	EAS	male	20260916
NA18946	FC_9f8130854a97d92a	1	train	JPT	EAS	female	20260916
NA18947	FC_c016fd0a1798afe4	1	train	JPT	EAS	female	20260916
NA18948	FC_12dba1fa3fd0a5e0	1	train	JPT	EAS	male	20260916
NA18949	FC_c22b39711d897091	1	train	JPT	EAS	female	20260916
NA18950	FC_262f94d13e9ad310	1	train	JPT	EAS	female	20260916
NA18951	FC_6d0d26b90de1b4d5	1	validation	JPT	EAS	female	20260916
NA18952	FC_98452ab7aed74fe1	1	validation	JPT	EAS	male	20260916
NA18953	FC_19a7e3dcd23c7f84	1	train	JPT	EAS	male	20260916
NA18954	FC_0e58e1e39bfaf537	1	test	JPT	EAS	female	20260916
NA18956	FC_0f5488f9ef3eca4b	1	train	JPT	EAS	female	20260916
NA18957	FC_19f6e51e29729dcb	1	train	JPT	EAS	female	20260916
NA18959	FC_6ebcd8915ae1e365	1	train	JPT	EAS	male	20260916
NA18960	FC_4a64510160fad430	1	train	JPT	EAS	male	20260916
NA18961	FC_13d8e0c6bbe30f9a	1	train	JPT	EAS	male	20260916
NA18962	FC_733bc866e09618db	1	test	JPT	EAS	male	20260916
NA18963	FC_070f4eeea0cce400	1	train	JPT	EAS	female	20260916
NA18964	FC_1b9bd9de0bb0c9f3	1	train	JPT	EAS	female	20260916
NA18965	FC_b1aecfb138ab390a	1	train	JPT	EAS	male	20260916
NA18966	FC_5caeb2c24f1a5cc1	1	train	JPT	EAS	male	20260916
NA18967	FC_2f9d6f441d99b3e8	1	validation	JPT	EAS	male	20260916
NA18968	FC_86c4d41c685561b5	1	validation	JPT	EAS	female	20260916
NA18969	FC_78a818438e049dc0	1	train	JPT	EAS	female	20260916
NA18970	FC_bb6fed57a65ca955	1	validation	JPT	EAS	male	20260916
NA18971	FC_92cc66f1dfe9c98c	1	train	JPT	EAS	male	20260916
NA18972	FC_940f04dcdab77813	1	train	JPT	EAS	female	20260916
NA18973	FC_7d4f6b1965738cba	1	train	JPT	EAS	female	20260916
NA18974	FC_f4c51e7e7f508527	1	train	JPT	EAS	male	20260916
NA18975	FC_517a492f07c33ac5	1	validation	JPT	EAS	female	20260916
NA18976	FC_7dbe8f125f63dbae	1	train	JPT	EAS	female	20260916
NA18977	FC_925baed515eeb99e	1	train	JPT	EAS	male	20260916
NA18978	FC_6d25e3b8c6dcb74f	1	test	JPT	EAS	female	20260916
NA18979	FC_0c0bc3aca33e249b	1	test	JPT	EAS	female	20260916
NA18980	FC_b5b4fc71fd96e9d2	1	test	JPT	EAS	female	20260916
NA18981	FC_73926e9665b4e6c4	1	train	JPT	EAS	female	20260916
NA18982	FC_295cba93347e94ed	1	train	JPT	EAS	male	20260916
NA18983	FC_61766f01171bf3fb	1	train	JPT	EAS	male	20260916
NA18984	FC_364c0c2a505cf87f	1	train	JPT	EAS	male	20260916
NA18985	FC_ee043ff6781b4a44	1	train	JPT	EAS	male	20260916
NA18986	FC_1b8700ab535b61d5	1	train	JPT	EAS	male	20260916
NA18987	FC_21f7b9c44ec70d82	1	test	JPT	EAS	female	20260916
NA18988	FC_056176dff4c57a30	1	train	JPT	EAS	male	20260916
NA18989	FC_1f9e2b79d23b5e2b	1	train	JPT	EAS	male	20260916
NA18990	FC_d133051af54e87d8	1	train	JPT	EAS	male	20260916
NA18991	FC_f27a981d3222c838	1	train	JPT	EAS	female	20260916
NA18992	FC_39f4a3cb9d30c385	1	train	JPT	EAS	female	20260916
NA18993	FC_89cf421592b46563	1	train	JPT	EAS	female	20260916
NA18994	FC_53008816dc38222c	1	train	JPT	EAS	male	20260916
NA18995	FC_5e6de523de8bf85a	1	train	JPT	EAS	male	20260916
NA18997	FC_0528d8f537feaf0d	1	validation	JPT	EAS	female	20260916
NA18998	FC_c458646a4d95b9e0	1	train	JPT	EAS	female	20260916
NA18999	FC_6cd8384e4704b7a1	1	validation	JPT	EAS	female	20260916
NA19000	FC_53e61ada5520a345	1	train	JPT	EAS	male	20260916
NA19001	FC_3dcefc9c27a34244	1	train	JPT	EAS	female	20260916
NA19002	FC_193bbd82516c0ebe	1	test	JPT	EAS	female	20260916
NA19003	FC_f180ee446dfe206d	1	test	JPT	EAS	female	20260916
NA19004	FC_8dbb228849ecd266	1	train	JPT	EAS	male	20260916
NA19005	FC_1361ea87faaf3cad	1	validation	JPT	EAS	male	20260916
NA19006	FC_f01c26ddfec96a4d	1	train	JPT	EAS	male	20260916
NA19007	FC_9d128f4b59f057da	1	train	JPT	EAS	male	20260916
NA19009	FC_7505d439c3ce732c	1	train	JPT	EAS	male	20260916
NA19010	FC_de68283be2790e6a	1	train	JPT	EAS	female	20260916
NA19011	FC_6c45d22f6e0c5a2a	1	train	JPT	EAS	female	20260916
NA19012	FC_9b1f0a8b6cd0dd11	1	train	JPT	EAS	male	20260916
NA19017	FC_9c9ebdc9e177cd06	1	train	LWK	AFR	female	20260916
NA19019	FC_b9a26f1f9c557e8f	1	train	LWK	AFR	female	20260916
NA19020	FC_cb23dbec3f7a3d70	1	train	LWK	AFR	male	20260916
NA19023	FC_ceaa0cf3e13dfe46	1	train	LWK	AFR	female	20260916
NA19024	FC_3d8293058b6f1861	1	test	LWK	AFR	female	20260916
NA19025	FC_dc1428d428a7c278	1	train	LWK	AFR	male	20260916
NA19026	FC_694323deda67e64b	1	train	LWK	AFR	male	20260916
NA19027	FC_7601f4a01bbb24cd	1	train	LWK	AFR	male	20260916
NA19028	FC_117fe73cc1b664dd	1	train	LWK	AFR	male	20260916
NA19030	FC_742dd272099a4236	1	validation	LWK	AFR	female	20260916
NA19031	FC_de3e988178e74fe5	1	train	LWK	AFR	male	20260916
NA19035	FC_5d135bc1cb62077b	1	train	LWK	AFR	male	20260916
NA19036	FC_d0091f697dd5bf92	1	train	LWK	AFR	female	20260916
NA19037	FC_dabe3f56fdd29ab0	1	train	LWK	AFR	female	20260916
NA19038	FC_b9bc32007d252290	1	test	LWK	AFR	female	20260916
NA19041	FC_7ca28313ac53ab3c	1	validation	LWK	AFR	male	20260916
NA19042	FC_1bed10b4e2e6ca0a	1	train	LWK	AFR	female	20260916
NA19043	FC_dc752e2096d7e396	1	validation	LWK	AFR	male	20260916
NA19054	FC_9eb004be64d7b30d	1	train	JPT	EAS	female	20260916
NA19055	FC_e9b77b00aa652f4f	1	train	JPT	EAS	male	20260916
NA19056	FC_87f56e6aab1bed61	1	train	JPT	EAS	male	20260916
NA19057	FC_73d593dd49ddf0eb	1	validation	JPT	EAS	female	20260916
NA19058	FC_ed8dc92f293fe83c	1	test	JPT	EAS	male	20260916
NA19059	FC_512f5c0e61fd32cd	1	train	JPT	EAS	female	20260916
NA19060	FC_3775da0dd24d801e	1	train	JPT	EAS	male	20260916
NA19062	FC_d287489efb652753	1	validation	JPT	EAS	male	20260916
NA19063	FC_6fa0767c575ee487	1	test	JPT	EAS	male	20260916
NA19064	FC_6742f2ead388d2c1	1	test	JPT	EAS	female	20260916
NA19065	FC_fabaafeed2fe5a96	1	train	JPT	EAS	female	20260916
NA19066	FC_57718e2582ff04f9	1	test	JPT	EAS	male	20260916
NA19067	FC_216dd06479f229f7	1	train	JPT	EAS	male	20260916
NA19068	FC_5e006e9cc563c09c	1	validation	JPT	EAS	male	20260916
NA19070	FC_c6c78b3f5c97784a	1	train	JPT	EAS	male	20260916
NA19072	FC_e7c34f58196a258a	1	train	JPT	EAS	male	20260916
NA19074	FC_113f98b4af94f0be	1	train	JPT	EAS	female	20260916
NA19075	FC_378bafe7b050b40e	1	train	JPT	EAS	male	20260916
NA19076	FC_20ae4ac62f3fe1ff	1	train	JPT	EAS	male	20260916
NA19077	FC_855e8945a9909dd8	1	test	JPT	EAS	female	20260916
NA19078	FC_4660453bdbdac4a1	1	validation	JPT	EAS	female	20260916
NA19079	FC_35f73b1aa71ca4e5	1	train	JPT	EAS	male	20260916
NA19080	FC_f842184c70220075	1	test	JPT	EAS	female	20260916
NA19081	FC_0b0d419088da29bf	1	train	JPT	EAS	female	20260916
NA19082	FC_972fe662b91596ef	1	train	JPT	EAS	male	20260916
NA19083	FC_6a01e5ade3be16e2	1	validation	JPT	EAS	male	20260916
NA19084	FC_cc8b0ee502a8ed78	1	train	JPT	EAS	female	20260916
NA19085	FC_3dbba481db015fe6	1	validation	JPT	EAS	male	20260916
NA19086	FC_ef0636c9bb7c67c1	1	train	JPT	EAS	male	20260916
NA19087	FC_093927de5e3b0309	1	test	JPT	EAS	female	20260916
NA19088	FC_c7cb734f7d5c70aa	1	train	JPT	EAS	male	20260916
NA19089	FC_003a2105d0d907bc	1	test	JPT	EAS	male	20260916
NA19090	FC_8d802ad963b896af	1	train	JPT	EAS	female	20260916
NA19091	FC_aa82fe51f315ebce	1	train	JPT	EAS	male	20260916
NA19092	FC_871ac2c6c2bc2d2b	1	train	YRI	AFR	male	20260916
NA19093	FC_fbd5a66c06e817ad	1	train	YRI	AFR	female	20260916
NA19095	FC_eb5935413f449a95	1	test	YRI	AFR	female	20260916
NA19096	FC_186f2bfc08cd66c7	1	test	YRI	AFR	male	20260916
NA19098	FC_2de5b7142c038e35	1	test	YRI	AFR	male	20260916
NA19099	FC_a095b662d9f27579	1	train	YRI	AFR	female	20260916
NA19102	FC_2b94c238f3395a08	1	train	YRI	AFR	female	20260916
NA19107	FC_419332d76893dcb4	1	train	YRI	AFR	male	20260916
NA19108	FC_bff73411db507fe4	1	test	YRI	AFR	female	20260916
NA19113	FC_e757d28444adc93f	1	test	YRI	AFR	male	20260916
NA19114	FC_005f220aadc721e8	1	train	YRI	AFR	female	20260916
NA19116	FC_1a4cabb55e8080cc	1	train	YRI	AFR	female	20260916
NA19117	FC_7b368ee108780daf	1	train	YRI	AFR	male	20260916
NA19118	FC_2a7fd96d14d606fb	1	validation	YRI	AFR	female	20260916
NA19119	FC_dba0eb71ab574d8b	1	train	YRI	AFR	male	20260916
NA19121	FC_6c2806199ccb9c21	1	train	YRI	AFR	male	20260916
NA19129	FC_3ca521aa0beb590a	1	test	YRI	AFR	female	20260916
NA19130	FC_7f6b8c266533d3de	1	train	YRI	AFR	male	20260916
NA19131	FC_cf33dacdce5a2aaf	1	validation	YRI	AFR	female	20260916
NA19137	FC_b4705e5f5024b949	1	train	YRI	AFR	female	20260916
NA19138	FC_6b80fb3ac281b54a	1	train	YRI	AFR	male	20260916
NA19141	FC_bab57c7cc23977bc	1	train	YRI	AFR	male	20260916
NA19143	FC_da9bac83e0a3abee	1	train	YRI	AFR	female	20260916
NA19144	FC_9c791b0efd24358a	1	train	YRI	AFR	male	20260916
NA19146	FC_9804f47b066db9a0	1	validation	YRI	AFR	male	20260916
NA19147	FC_b1fb6a51eb375220	1	train	YRI	AFR	female	20260916
NA19149	FC_d27def89eef93592	1	validation	YRI	AFR	female	20260916
NA19152	FC_e4c80db75783b2c2	1	train	YRI	AFR	female	20260916
NA19153	FC_4fba4a03d5245a35	1	train	YRI	AFR	male	20260916
NA19159	FC_a111daf5702ed264	1	train	YRI	AFR	female	20260916
NA19160	FC_b46c272305d3037d	1	train	YRI	AFR	male	20260916
NA19171	FC_4d94b4abdec70a4c	1	train	YRI	AFR	male	20260916
NA19172	FC_14023eca71fcf635	1	train	YRI	AFR	female	20260916
NA19175	FC_8c3a4ed906bf6425	1	validation	YRI	AFR	male	20260916
NA19184	FC_7bf3c7e8adbb2649	1	validation	YRI	AFR	male	20260916
NA19185	FC_7eb9188be50dfbce	1	train	YRI	AFR	female	20260916
NA19189	FC_7f588063196d4b1a	1	train	YRI	AFR	male	20260916
NA19190	FC_9f3c11509c651fa9	1	train	YRI	AFR	female	20260916
NA19197	FC_52bee8bede807eb6	1	train	YRI	AFR	female	20260916
NA19198	FC_959b6e367268d496	1	train	YRI	AFR	male	20260916
NA19200	FC_b754b8be1182c8eb	1	train	YRI	AFR	male	20260916
NA19201	FC_ed924ea845ee6921	1	train	YRI	AFR	female	20260916
NA19204	FC_f6d325fb256cbc53	1	train	YRI	AFR	female	20260916
NA19206	FC_86c970beb1fe0641	1	train	YRI	AFR	female	20260916
NA19207	FC_ef2a8a60cc1c0ef1	1	train	YRI	AFR	male	20260916
NA19209	FC_97b66cd72fd05aa9	1	train	YRI	AFR	female	20260916
NA19210	FC_0ab6484614df0c32	1	validation	YRI	AFR	male	20260916
NA19213	FC_a60dc1ffbca965da	1	train	YRI	AFR	male	20260916
NA19214	FC_2b4695074d8cb475	1	train	YRI	AFR	female	20260916
NA19222	FC_e517b4c2851ba4c5	1	train	YRI	AFR	female	20260916
NA19223	FC_af6e01bce9b30659	1	train	YRI	AFR	male	20260916
NA19225	FC_feec97d28e0dbaa2	1	train	YRI	AFR	female	20260916
NA19235	FC_b41cc96d85af4d1d	1	train	YRI	AFR	female	20260916
NA19236	FC_b964483ecd9df31c	1	train	YRI	AFR	male	20260916
NA19238	FC_3b72e5b6731b50b9	1	train	YRI	AFR	female	20260916
NA19239	FC_e6a3046d260cd7d4	1	train	YRI	AFR	male	20260916
NA19247	FC_5490d02077dc6369	1	train	YRI	AFR	female	20260916
NA19248	FC_b222aa4ba95fe42a	1	train	YRI	AFR	male	20260916
NA19256	FC_ba723c0366371255	1	validation	YRI	AFR	male	20260916
NA19257	FC_fff8f5de85efce87	1	train	YRI	AFR	female	20260916
NA19307	FC_7a281da07581bed3	1	train	LWK	AFR	male	20260916
NA19308	FC_30c9f7482b3d59e2	1	train	LWK	AFR	male	20260916
NA19309	FC_dfe74a61af6c9f78	1	train	LWK	AFR	male	20260916
NA19310	FC_55201a06c6555ccc	1	train	LWK	AFR	female	20260916
NA19312	FC_335fd4b49c5a5279	1	test	LWK	AFR	male	20260916
NA19314	FC_a22c81c46f6cb3c0	1	test	LWK	AFR	female	20260916
NA19315	FC_95e5d329972ef769	1	train	LWK	AFR	female	20260916
NA19316	FC_0c879260ac51b7e0	1	test	LWK	AFR	female	20260916
NA19317	FC_592b1535231e45b0	1	train	LWK	AFR	male	20260916
NA19318	FC_de9093dd1111d19d	1	validation	LWK	AFR	male	20260916
NA19319	FC_98705c5832ca5381	1	train	LWK	AFR	male	20260916
NA19320	FC_ece3d90cf65b0d07	1	train	LWK	AFR	female	20260916
NA19321	FC_9b70ea950fd75d21	1	train	LWK	AFR	female	20260916
NA19323	FC_70724df154ea53ce	1	test	LWK	AFR	female	20260916
NA19324	FC_5a31c5dc6fdae770	1	validation	LWK	AFR	female	20260916
NA19327	FC_f04b1acfcf84329f	1	train	LWK	AFR	female	20260916
NA19328	FC_6f44fe1e6065b734	1	train	LWK	AFR	female	20260916
NA19331	FC_dcefccdf10b6db51	1	train	LWK	AFR	male	20260916
NA19332	FC_497a817a3cf6bd4c	1	train	LWK	AFR	female	20260916
NA19334	FC_d81b1cbfca92d662	1	train	LWK	AFR	male	20260916
NA19338	FC_32ea50caf74b6e74	1	validation	LWK	AFR	female	20260916
NA19346	FC_8719872793e4d620	1	train	LWK	AFR	male	20260916
NA19347	FC_745aba5e726d38d7	1	train	LWK	AFR	male	20260916
NA19350	FC_97e1d7b8689103c1	1	test	LWK	AFR	male	20260916
NA19351	FC_5e62aa4583be4a73	1	train	LWK	AFR	female	20260916
NA19355	FC_8de833ae73ba2373	1	train	LWK	AFR	female	20260916
NA19360	FC_c3b453c1c0cdf62a	1	train	LWK	AFR	male	20260916
NA19372	FC_59bb79ce4c03aaef	1	train	LWK	AFR	male	20260916
NA19374	FC_667c080daa716cc7	1	train	LWK	AFR	male	20260916
NA19375	FC_5010ca7c5c68cb89	1	train	LWK	AFR	male	20260916
NA19376	FC_58125620f38fc409	1	train	LWK	AFR	male	20260916
NA19377	FC_75de7860162bc78a	1	train	LWK	AFR	female	20260916
NA19378	FC_4543fc7eff1553a0	1	validation	LWK	AFR	female	20260916
NA19379	FC_7c034ac80efb07b1	1	train	LWK	AFR	female	20260916
NA19380	FC_74f2e0cc72b336ec	1	train	LWK	AFR	male	20260916
NA19383	FC_2b8fad068aaabdb0	1	train	LWK	AFR	male	20260916
NA19384	FC_23c3813b029ee258	1	train	LWK	AFR	male	20260916
NA19385	FC_a63b5b246eff82e8	1	test	LWK	AFR	male	20260916
NA19390	FC_726d2657aa942d64	1	test	LWK	AFR	female	20260916
NA19391	FC_d5e3e8e6a6b576b1	1	train	LWK	AFR	female	20260916
NA19393	FC_c376a434f590f39a	1	train	LWK	AFR	male	20260916
NA19394	FC_ea3abf89cd2f45e1	1	train	LWK	AFR	male	20260916
NA19395	FC_f0a7058d4d07d23c	1	test	LWK	AFR	female	20260916
NA19397	FC_b14af48635a9afee	1	train	LWK	AFR	male	20260916
NA19399	FC_d7709c93495de586	1	test	LWK	AFR	female	20260916
NA19401	FC_a93c10e16c56ed6b	1	train	LWK	AFR	female	20260916
NA19403	FC_57b463612fda93ff	1	test	LWK	AFR	female	20260916
NA19404	FC_693d80d9b8b814dc	1	train	LWK	AFR	female	20260916
NA19428	FC_c37c5c879535cfa0	1	train	LWK	AFR	male	20260916
NA19429	FC_120c1dd110ba9336	1	test	LWK	AFR	male	20260916
NA19430	FC_0267d6ef0ef5cff6	1	validation	LWK	AFR	male	20260916
NA19431	FC_87ba2d660f27378e	1	train	LWK	AFR	female	20260916
NA19434	FC_4e38826b2b37a95d	1	test	LWK	AFR	female	20260916
NA19435	FC_0a8a29c7b3c35eba	1	train	LWK	AFR	female	20260916
NA19436	FC_3be906f8610c636e	1	train	LWK	AFR	female	20260916
NA19437	FC_dacff46bc56e1b28	1	train	LWK	AFR	female	20260916
NA19438	FC_0563db624d92dbcf	1	train	LWK	AFR	female	20260916
NA19439	FC_5c66706aaf15df48	1	train	LWK	AFR	female	20260916
NA19440	FC_53be792e3ba74bbc	1	test	LWK	AFR	female	20260916
NA19443	FC_ee2a5dc54c9f1178	1	train	LWK	AFR	male	20260916
NA19445	FC_5417065f14577afe	1	train	LWK	AFR	female	20260916
NA19446	FC_4f10d0160b61de6f	1	test	LWK	AFR	female	20260916
NA19448	FC_8464b4655d1067c8	1	train	LWK	AFR	male	20260916
NA19449	FC_b689ac9d36e18d43	1	validation	LWK	AFR	female	20260916
NA19451	FC_876f929f1a4b87c4	1	train	LWK	AFR	male	20260916
NA19452	FC_2d9fc2aa60bfe2a7	1	train	LWK	AFR	male	20260916
NA19454	FC_9ab2295a090e81e9	1	train	LWK	AFR	male	20260916
NA19455	FC_605f659ecdf2e702	1	train	LWK	AFR	male	20260916
NA19456	FC_335f113e5e3be3b7	1	train	LWK	AFR	female	20260916
NA19457	FC_2dc2f5fd0838e431	1	train	LWK	AFR	female	20260916
NA19461	FC_da5a0913dc131afe	1	train	LWK	AFR	male	20260916
NA19462	FC_76ed22bcff057ab8	1	train	LWK	AFR	female	20260916
NA19463	FC_c3f4c861a22c354c	1	train	LWK	AFR	female	20260916
NA19466	FC_4b453cb9c0199c47	1	train	LWK	AFR	male	20260916
NA19467	FC_b80bf75447b62a4c	1	train	LWK	AFR	female	20260916
NA19468	FC_e5a883114b5f80dd	1	train	LWK	AFR	female	20260916
NA19471	FC_d0874f7747390842	1	train	LWK	AFR	female	20260916
NA19472	FC_3008724b57644b6d	1	train	LWK	AFR	female	20260916
NA19473	FC_90e78d13b5020ee8	1	train	LWK	AFR	female	20260916
NA19474	FC_389441063231d0c1	1	test	LWK	AFR	female	20260916
NA19475	FC_9f0624ba3f176759	1	train	LWK	AFR	female	20260916
NA19625	FC_1c48c35103031fd8	1	test	ASW	AFR	female	20260916
NA19648	FC_33b57c0bf36d74a6	1	train	MXL	AMR	female	20260916
NA19649	FC_942055c4de229947	1	train	MXL	AMR	male	20260916
NA19651	FC_c2b590e2b5d3ad91	1	train	MXL	AMR	female	20260916
NA19652	FC_de85b96ec0ff4a74	1	train	MXL	AMR	male	20260916
NA19654	FC_819fcc4e8a9db61a	1	train	MXL	AMR	female	20260916
NA19655	FC_1b3452f93d97b697	1	validation	MXL	AMR	male	20260916
NA19657	FC_2e4bb2506addf335	1	train	MXL	AMR	female	20260916
NA19658	FC_a923922c26101888	1	test	MXL	AMR	male	20260916
NA19661	FC_5b9d7f2951c05708	1	validation	MXL	AMR	male	20260916
NA19663	FC_69ace3e76d0b3192	1	train	MXL	AMR	female	20260916
NA19664	FC_62b8b6362095ad11	1	validation	MXL	AMR	male	20260916
NA19669	FC_50e5dc2103d3e2e9	1	validation	MXL	AMR	female	20260916
NA19670	FC_b1b9595be41b0064	1	test	MXL	AMR	male	20260916
NA19676	FC_4579e540bd82113d	1	train	MXL	AMR	male	20260916
NA19678	FC_10d2a67ce9266540	1	train	MXL	AMR	female	20260916
NA19679	FC_646b008c4409cd9d	1	test	MXL	AMR	male	20260916
NA19681	FC_e920df177174c70e	1	train	MXL	AMR	female	20260916
NA19682	FC_dd567025b6d65ead	1	train	MXL	AMR	male	20260916
NA19684	FC_97712842b7659bff	1	train	MXL	AMR	female	20260916
NA19700	FC_06fef59ec1bc358e	1	train	ASW	AFR	male	20260916
NA19701	FC_bff304f051c88ede	1	train	ASW	AFR	female	20260916
NA19703	FC_8872cb4429a11df8	1	test	ASW	AFR	male	20260916
NA19704	FC_406af5545c3d3810	1	validation	ASW	AFR	female	20260916
NA19707	FC_9865f6bd2953fb2a	1	train	ASW	AFR	female	20260916
NA19711	FC_c86b030dfab6e2a6	1	train	ASW	AFR	male	20260916
NA19712	FC_41da9ce9de445ee9	1	train	ASW	AFR	female	20260916
NA19713	FC_a52bc5c86e19d625	1	train	ASW	AFR	female	20260916
NA19716	FC_4b56dbe251514204	1	train	MXL	AMR	female	20260916
NA19717	FC_010b662e0869c9ea	1	train	MXL	AMR	male	20260916
NA19719	FC_d024e9cdff47899d	1	train	MXL	AMR	female	20260916
NA19720	FC_9eaa7354797dfe22	1	validation	MXL	AMR	male	20260916
NA19722	FC_ef52398876ec937c	1	train	MXL	AMR	female	20260916
NA19723	FC_5779a777a8af7760	1	train	MXL	AMR	male	20260916
NA19725	FC_d6f881ceb2535102	1	test	MXL	AMR	female	20260916
NA19726	FC_87c22ebeee103127	1	test	MXL	AMR	male	20260916
NA19728	FC_7a092034209bffcb	1	validation	MXL	AMR	female	20260916
NA19729	FC_8696447b96e4e85a	1	train	MXL	AMR	male	20260916
NA19731	FC_f0f39693ae7f95ff	1	train	MXL	AMR	female	20260916
NA19732	FC_e88dc015d6af75b0	1	train	MXL	AMR	male	20260916
NA19734	FC_c9884bdbb09c27de	1	validation	MXL	AMR	female	20260916
NA19735	FC_b51deebe1bfdc1c8	1	train	MXL	AMR	male	20260916
NA19740	FC_cba7d6b03e0dc231	1	train	MXL	AMR	female	20260916
NA19741	FC_7635e0f6f0e11158	1	validation	MXL	AMR	male	20260916
NA19746	FC_0b0d31799991686b	1	train	MXL	AMR	female	20260916
NA19747	FC_c049b8e4338efb61	1	train	MXL	AMR	male	20260916
NA19749	FC_4d147ef3b206e3db	1	train	MXL	AMR	female	20260916
NA19750	FC_1fc705ab2a9d12ca	1	train	MXL	AMR	male	20260916
NA19752	FC_56f9d944e69f121d	1	test	MXL	AMR	female	20260916
NA19755	FC_685dd2f018835a97	1	test	MXL	AMR	female	20260916
NA19756	FC_e23aa4d1153d2fad	1	train	MXL	AMR	male	20260916
NA19758	FC_150eb0b44eaa9283	1	train	MXL	AMR	female	20260916
NA19759	FC_8bb05ba9522543d7	1	train	MXL	AMR	male	20260916
NA19761	FC_c078c42b0086f404	1	test	MXL	AMR	female	20260916
NA19762	FC_69488445e5992be8	1	validation	MXL	AMR	male	20260916
NA19764	FC_bea2f2bebbbb15c6	1	test	MXL	AMR	female	20260916
NA19770	FC_3275a6666f38934a	1	validation	MXL	AMR	female	20260916
NA19771	FC_68fcb4532bf8da68	1	train	MXL	AMR	male	20260916
NA19773	FC_e6e038ea4cad2aa3	1	train	MXL	AMR	female	20260916
NA19774	FC_91bdbc98de80cec0	1	train	MXL	AMR	male	20260916
NA19776	FC_2e9f375590782ae5	1	train	MXL	AMR	female	20260916
NA19777	FC_f3d0d94d7943e683	1	train	MXL	AMR	male	20260916
NA19779	FC_3e1b6edd02ffeb1d	1	train	MXL	AMR	female	20260916
NA19780	FC_4456f85e0f32d5fc	1	train	MXL	AMR	male	20260916
NA19782	FC_1c69bf60b76c1a24	1	train	MXL	AMR	female	20260916
NA19783	FC_599856119ffb1eba	1	train	MXL	AMR	male	20260916
NA19785	FC_b3a916bd73354371	1	train	MXL	AMR	female	20260916
NA19786	FC_81b3cc201fe93891	1	train	MXL	AMR	male	20260916
NA19788	FC_b85cfca069706155	1	train	MXL	AMR	female	20260916
NA19789	FC_abe018b35ba62b58	1	test	MXL	AMR	male	20260916
NA19792	FC_3be2255e772c06a7	1	train	MXL	AMR	male	20260916
NA19794	FC_44e59a596ad1f0b1	1	train	MXL	AMR	female	20260916
NA19795	FC_68b6ff6340b785fd	1	train	MXL	AMR	male	20260916
NA19818	FC_9f16bc8e085aa922	1	train	ASW	AFR	male	20260916
NA19819	FC_65b91f5e5cd4e094	1	train	ASW	AFR	female	20260916
NA19834	FC_fc68bd045a1c08ae	1	train	ASW	AFR	male	20260916
NA19835	FC_6edf0c4ea09f0857	1	validation	ASW	AFR	female	20260916
NA19900	FC_6a33d09159d8ba2b	1	train	ASW	AFR	male	20260916
NA19901	FC_958340592baee27e	1	train	ASW	AFR	female	20260916
NA19904	FC_3bd74bc3370a2688	1	train	ASW	AFR	male	20260916
NA19908	FC_32c96c9177045ede	1	train	ASW	AFR	male	20260916
NA19909	FC_bc01dbe6707b60a1	1	test	ASW	AFR	female	20260916
NA19913	FC_549a0f42b81af098	1	train	ASW	AFR	female	20260916
NA19914	FC_fc88d7aeb078dce7	1	validation	ASW	AFR	female	20260916
NA19916	FC_123555ed047c260c	1	validation	ASW	AFR	male	20260916
NA19917	FC_13fe1dbb9b96e692	1	train	ASW	AFR	female	20260916
NA19920	FC_6aab343eea2381ad	1	train	ASW	AFR	male	20260916
NA19921	FC_e161713209893ac7	1	train	ASW	AFR	female	20260916
NA19922	FC_f9b5a22f97a5ca99	1	validation	ASW	AFR	male	20260916
NA19923	FC_9da3bddce4294d00	1	validation	ASW	AFR	female	20260916
NA19982	FC_3f1e3564a5991ec7	1	validation	ASW	AFR	male	20260916
NA19984	FC_2e0e5737867e8f27	1	train	ASW	AFR	male	20260916
NA20126	FC_d0cbf3536992cd70	1	validation	ASW	AFR	male	20260916
NA20127	FC_7f45c5ac22e989f8	1	train	ASW	AFR	female	20260916
NA20274	FC_dfeb24c344d61aa7	1	train	ASW	AFR	female	20260916
NA20276	FC_0571ba1b0842922b	1	train	ASW	AFR	female	20260916
NA20278	FC_b930e100d1f6ef8c	1	train	ASW	AFR	male	20260916
NA20281	FC_24f7ee37e69c8b51	1	train	ASW	AFR	male	20260916
NA20282	FC_11294ed75589d99f	1	train	ASW	AFR	female	20260916
NA20287	FC_7c0d46313f23e527	1	train	ASW	AFR	female	20260916
NA20289	FC_d9372064d95fb895	1	test	ASW	AFR	female	20260916
NA20291	FC_fb6ed91500534e69	1	train	ASW	AFR	male	20260916
NA20294	FC_77987e8f6820735f	1	train	ASW	AFR	female	20260916
NA20296	FC_4234580ebb856e5c	1	train	ASW	AFR	female	20260916
NA20298	FC_ab2141461dc23c55	1	train	ASW	AFR	male	20260916
NA20299	FC_0ccc38997693c1ab	1	train	ASW	AFR	female	20260916
NA20314	FC_5a70d1989412c47d	1	train	ASW	AFR	female	20260916
NA20317	FC_ce93116bc0d35ae9	1	train	ASW	AFR	female	20260916
NA20318	FC_2568f775266180d4	1	train	ASW	AFR	male	20260916
NA20320	FC_7eab6711552ee0bb	1	validation	ASW	AFR	female	20260916
NA20321	FC_a86baf3cee4e12fe	1	test	ASW	AFR	female	20260916
NA20332	FC_abaa3f91b10a3a1a	1	train	ASW	AFR	female	20260916
NA20334	FC_acfb767ee69f2b18	1	train	ASW	AFR	female	20260916
NA20339	FC_7976fc5a917ec660	1	validation	ASW	AFR	female	20260916
NA20340	FC_6406eaa5e056989e	1	train	ASW	AFR	male	20260916
NA20342	FC_97192a5524b8a53b	1	test	ASW	AFR	male	20260916
NA20346	FC_96326a5b4853d381	1	train	ASW	AFR	male	20260916
NA20348	FC_5eebc5faf2332e31	1	train	ASW	AFR	male	20260916
NA20351	FC_80e245407ed056b0	1	train	ASW	AFR	male	20260916
NA20355	FC_40f8119cac5f0fc2	1	test	ASW	AFR	female	20260916
NA20356	FC_a6065e94c35b9847	1	test	ASW	AFR	male	20260916
NA20357	FC_934357c9bf917e3d	1	validation	ASW	AFR	female	20260916
NA20359	FC_3a74497006cc4dd3	1	train	ASW	AFR	female	20260916
NA20362	FC_737633916c245d66	1	train	ASW	AFR	male	20260916
NA20412	FC_66fd1a78fe48333c	1	train	ASW	AFR	female	20260916
NA20502	FC_6f43cb5833ec7e92	1	train	TSI	EUR	female	20260916
NA20503	FC_3c27737ce033dcc8	1	train	TSI	EUR	female	20260916
NA20504	FC_7033c220302c6d44	1	train	TSI	EUR	female	20260916
NA20505	FC_c6e15e60947ea64e	1	train	TSI	EUR	female	20260916
NA20506	FC_6fa52d7204c8a3d6	1	train	TSI	EUR	female	20260916
NA20507	FC_2ceb6d26e2a5f978	1	test	TSI	EUR	female	20260916
NA20508	FC_9ef941950ea9076c	1	validation	TSI	EUR	female	20260916
NA20509	FC_530cb91389b28f6e	1	validation	TSI	EUR	male	20260916
NA20510	FC_c4f741c5f49ae3e8	1	train	TSI	EUR	male	20260916
NA20511	FC_3fc0fadf232b8911	1	test	TSI	EUR	male	20260916
NA20512	FC_7205c51de871f8e2	1	train	TSI	EUR	male	20260916
NA20513	FC_5ac50012485be5b6	1	validation	TSI	EUR	male	20260916
NA20514	FC_e01ed605f6418cfa	1	train	TSI	EUR	female	20260916
NA20515	FC_8b8a39bd81540b3f	1	train	TSI	EUR	male	20260916
NA20516	FC_fca0823d733cf904	1	train	TSI	EUR	male	20260916
NA20517	FC_c7b99abd8125e92f	1	test	TSI	EUR	female	20260916
NA20518	FC_22a765778c59bbad	1	train	TSI	EUR	male	20260916
NA20519	FC_d9643877a6f75758	1	validation	TSI	EUR	male	20260916
NA20520	FC_fe013389fc3c984f	1	validation	TSI	EUR	male	20260916
NA20521	FC_78eb3b5171b80d51	1	validation	TSI	EUR	male	20260916
NA20522	FC_3412fa96c5539a0a	1	train	TSI	EUR	female	20260916
NA20524	FC_e5b7ea1b891616b4	1	train	TSI	EUR	male	20260916
NA20525	FC_7cf4538a17052320	1	train	TSI	EUR	male	20260916
NA20527	FC_fbc8e6a6ff42cfaf	1	train	TSI	EUR	male	20260916
NA20528	FC_a684cedce881005a	1	train	TSI	EUR	male	20260916
NA20529	FC_6f3b153d64b4a58d	1	train	TSI	EUR	female	20260916
NA20530	FC_4428ace282af1af7	1	train	TSI	EUR	female	20260916
NA20531	FC_eea33bf1b6f78f57	1	train	TSI	EUR	female	20260916
NA20532	FC_5b6e7345fcaaa9de	1	train	TSI	EUR	male	20260916
NA20533	FC_7b53ee68c3f56867	1	train	TSI	EUR	female	20260916
NA20534	FC_3bb240431c493b3a	1	train	TSI	EUR	male	20260916
NA20535	FC_49cf5e56410cbf25	1	train	TSI	EUR	female	20260916
NA20536	FC_393260100e195978	1	train	TSI	EUR	male	20260916
NA20538	FC_d58cfe042fea5f59	1	validation	TSI	EUR	male	20260916
NA20539	FC_05d32d8b025d63c2	1	train	TSI	EUR	male	20260916
NA20540	FC_65c0309970a55b20	1	train	TSI	EUR	female	20260916
NA20541	FC_95ff7fa0bde9d81b	1	train	TSI	EUR	female	20260916
NA20542	FC_1d84955b96d06e5a	1	train	TSI	EUR	female	20260916
NA20543	FC_8734a0e08e5c0c1f	1	train	TSI	EUR	male	20260916
NA20544	FC_8c43d90ced8528db	1	train	TSI	EUR	male	20260916
NA20581	FC_3cb014c2db4f9e92	1	validation	TSI	EUR	male	20260916
NA20582	FC_fb1d929f7016d9a7	1	test	TSI	EUR	female	20260916
NA20585	FC_44522e4f420d4a3c	1	train	TSI	EUR	female	20260916
NA20586	FC_925cd20ef5e53e36	1	validation	TSI	EUR	male	20260916
NA20587	FC_d0ca1637626e0663	1	test	TSI	EUR	female	20260916
NA20588	FC_86dbc8a5f4985706	1	train	TSI	EUR	male	20260916
NA20589	FC_041396ae3d053e66	1	train	TSI	EUR	female	20260916
NA20752	FC_8734bbf44c9cc60f	1	train	TSI	EUR	male	20260916
NA20753	FC_69791ebd2cb8094f	1	train	TSI	EUR	female	20260916
NA20754	FC_e60537f6fcf7df06	1	validation	TSI	EUR	male	20260916
NA20755	FC_46d0b66c58e81c86	1	train	TSI	EUR	male	20260916
NA20756	FC_41d7748e5b467861	1	train	TSI	EUR	female	20260916
NA20757	FC_4c2c0732808b93ed	1	test	TSI	EUR	female	20260916
NA20758	FC_e194db89fde92d2b	1	train	TSI	EUR	male	20260916
NA20759	FC_4cd80f610e4109ec	1	train	TSI	EUR	male	20260916
NA20760	FC_0e74e6b360dcfe3f	1	train	TSI	EUR	female	20260916
NA20761	FC_ca625a3da9fa125d	1	train	TSI	EUR	female	20260916
NA20762	FC_e989c7245e1a1b03	1	train	TSI	EUR	male	20260916
NA20763	FC_2a292a6de38217c9	1	validation	TSI	EUR	male	20260916
NA20764	FC_efb58d9e11fab6a6	1	test	TSI	EUR	female	20260916
NA20765	FC_45acda59d45b009d	1	validation	TSI	EUR	male	20260916
NA20766	FC_017f8d6142426ee2	1	train	TSI	EUR	female	20260916
NA20767	FC_7c5581e9b06c52ed	1	test	TSI	EUR	male	20260916
NA20768	FC_14f18020751228b7	1	train	TSI	EUR	female	20260916
NA20769	FC_99b734e486a66bb6	1	test	TSI	EUR	female	20260916
NA20770	FC_5a5db08d431f843a	1	train	TSI	EUR	male	20260916
NA20771	FC_81e18edc0c3b29d8	1	train	TSI	EUR	female	20260916
NA20772	FC_8267da42130b0f58	1	test	TSI	EUR	female	20260916
NA20773	FC_e98306cad13ac01b	1	test	TSI	EUR	female	20260916
NA20774	FC_8f3d74b1cf6743c3	1	train	TSI	EUR	female	20260916
NA20775	FC_8f885f2a780b00d1	1	train	TSI	EUR	female	20260916
NA20778	FC_9fb71ab0a0bb2fb1	1	train	TSI	EUR	male	20260916
NA20783	FC_b3cc003380410ddd	1	train	TSI	EUR	male	20260916
NA20785	FC_6ae0bbbf4ef6b7b8	1	train	TSI	EUR	male	20260916
NA20786	FC_c2600e736af3cddf	1	validation	TSI	EUR	female	20260916
NA20787	FC_0f16c465ea706ca2	1	train	TSI	EUR	male	20260916
NA20790	FC_726749b525d1b2dd	1	train	TSI	EUR	female	20260916
NA20792	FC_0a927a5d10a59fae	1	test	TSI	EUR	male	20260916
NA20795	FC_508c894e7362ac29	1	train	TSI	EUR	female	20260916
NA20796	FC_bcdcbf63264c6637	1	train	TSI	EUR	male	20260916
NA20797	FC_de209da30dabe9ed	1	train	TSI	EUR	female	20260916
NA20798	FC_704f0fc8465155ae	1	test	TSI	EUR	male	20260916
NA20799	FC_3677e4b21dfa98e1	1	train	TSI	EUR	female	20260916
NA20800	FC_2f514096eebb0939	1	train	TSI	EUR	female	20260916
NA20801	FC_0c5f50892c60f28a	1	train	TSI	EUR	male	20260916
NA20802	FC_2f4cf1f8e345efc1	1	train	TSI	EUR	female	20260916
NA20803	FC_e5c596ef00067837	1	train	TSI	EUR	male	20260916
NA20804	FC_81b356b9246349d7	1	train	TSI	EUR	female	20260916
NA20805	FC_7a440ef38bd7a7ac	1	test	TSI	EUR	male	20260916
NA20806	FC_e72b4f0e58c886b5	1	train	TSI	EUR	male	20260916
NA20807	FC_4a7541a7d67b0988	1	test	TSI	EUR	female	20260916
NA20808	FC_43f858b102418ee9	1	train	TSI	EUR	female	20260916
NA20809	FC_bbd73eb4b1faec8e	1	validation	TSI	EUR	male	20260916
NA20810	FC_87bd1a19ec826657	1	train	TSI	EUR	male	20260916
NA20811	FC_0fc25c44e3cb9235	1	train	TSI	EUR	male	20260916
NA20812	FC_c59a2a954b7dbc87	1	train	TSI	EUR	male	20260916
NA20813	FC_4c4d9da0760866f9	1	train	TSI	EUR	female	20260916
NA20814	FC_729728da226213e8	1	train	TSI	EUR	male	20260916
NA20815	FC_4e077708c8fa2a80	1	train	TSI	EUR	male	20260916
NA20818	FC_48febcd67aaa6639	1	train	TSI	EUR	female	20260916
NA20819	FC_bc44c1e3535c76de	1	train	TSI	EUR	female	20260916
NA20821	FC_38c7fdb9f826b71f	1	train	TSI	EUR	female	20260916
NA20822	FC_36f947e4cd98e020	1	train	TSI	EUR	female	20260916
NA20826	FC_b6e23f9769911d1b	1	train	TSI	EUR	female	20260916
NA20827	FC_2ab4cc0514ef4897	1	train	TSI	EUR	male	20260916
NA20828	FC_0307f2f18405e493	1	test	TSI	EUR	female	20260916
NA20832	FC_14b2ac03bbeb49d4	1	validation	TSI	EUR	female	20260916
NA20845	FC_2e2a6a1e319ea595	1	train	GIH	SAS	male	20260916
NA20846	FC_ebdce07a59af6b20	1	train	GIH	SAS	male	20260916
NA20847	FC_4eacace41b6a0a5e	1	train	GIH	SAS	female	20260916
NA20849	FC_f4b5efa79120be95	1	test	GIH	SAS	female	20260916
NA20850	FC_47c34b7bb335fd00	1	test	GIH	SAS	male	20260916
NA20851	FC_53740922e41e1dd1	1	test	GIH	SAS	female	20260916
NA20852	FC_982ce010da262a0f	1	train	GIH	SAS	male	20260916
NA20853	FC_8fe970ad18da0df0	1	validation	GIH	SAS	female	20260916
NA20854	FC_feabeac3bc068d4b	1	train	GIH	SAS	female	20260916
NA20856	FC_cbf23980669a9f5d	1	validation	GIH	SAS	female	20260916
NA20858	FC_0464c1eb055dae33	1	train	GIH	SAS	male	20260916
NA20859	FC_b461c36d6a926210	1	train	GIH	SAS	female	20260916
NA20861	FC_18a1be10ac1dd7dc	1	validation	GIH	SAS	male	20260916
NA20862	FC_edd73f34dabace03	1	test	GIH	SAS	female	20260916
NA20863	FC_d34c07cc429f713c	1	train	GIH	SAS	male	20260916
NA20864	FC_ea90c01d53c3e810	1	train	GIH	SAS	male	20260916
NA20866	FC_c376ed4fbd4616a4	1	test	GIH	SAS	male	20260916
NA20867	FC_de6f48abca3f4d68	1	train	GIH	SAS	male	20260916
NA20868	FC_e38589da6bd51129	1	test	GIH	SAS	female	20260916
NA20869	FC_1f634cd6a7eb5deb	1	validation	GIH	SAS	female	20260916
NA20870	FC_0e99b797afd19c56	1	train	GIH	SAS	male	20260916
NA20872	FC_7222a6d441ceae15	1	train	GIH	SAS	female	20260916
NA20874	FC_7cff2b0ee3e00f62	1	validation	GIH	SAS	female	20260916
NA20875	FC_5b36d318beb06fd2	1	train	GIH	SAS	female	20260916
NA20876	FC_cac2d9b0e5e9955b	1	validation	GIH	SAS	female	20260916
NA20877	FC_f39d9012ac2e4bec	1	validation	GIH	SAS	female	20260916
NA20878	FC_d0965c61d8fe7e75	1	train	GIH	SAS	female	20260916
NA20881	FC_913bca1831dd243e	1	train	GIH	SAS	female	20260916
NA20882	FC_cc7bba24e6d7a62e	1	train	GIH	SAS	female	20260916
NA20884	FC_9abec17ba7b29ff4	1	train	GIH	SAS	male	20260916
NA20885	FC_625d4b228d1f6182	1	train	GIH	SAS	male	20260916
NA20886	FC_6e38fda014040aef	1	train	GIH	SAS	female	20260916
NA20887	FC_172898f6b60bc500	1	train	GIH	SAS	male	20260916
NA20888	FC_72783787ced18464	1	train	GIH	SAS	female	20260916
NA20889	FC_690cf187beb9b24f	1	train	GIH	SAS	male	20260916
NA20890	FC_f7e4f7482c54ef58	1	test	GIH	SAS	male	20260916
NA20891	FC_a49ed66f1aa6e98f	1	train	GIH	SAS	male	20260916
NA20892	FC_1e76e2dee950af39	1	train	GIH	SAS	female	20260916
NA20894	FC_0036aa8b42908818	1	train	GIH	SAS	female	20260916
NA20895	FC_1ec41c821277abb9	1	test	GIH	SAS	male	20260916
NA20896	FC_4fbfb3998b1fe290	1	train	GIH	SAS	female	20260916
NA20897	FC_0e8f7c01c4e56af1	1	train	GIH	SAS	male	20260916
NA20899	FC_9f8c57a604dc908f	1	train	GIH	SAS	female	20260916
NA20900	FC_55c884fc94561b6a	1	train	GIH	SAS	female	20260916
NA20901	FC_68b4e1f70c56550f	1	train	GIH	SAS	male	20260916
NA20902	FC_2ae1e5b9dfa74587	1	validation	GIH	SAS	female	20260916
NA20903	FC_da7967ab964db2ee	1	train	GIH	SAS	male	20260916
NA20904	FC_4af0778cb132fed0	1	train	GIH	SAS	male	20260916
NA20905	FC_66efd434a991fef9	1	train	GIH	SAS	male	20260916
NA20906	FC_80a44266e1a01f59	1	train	GIH	SAS	female	20260916
NA20908	FC_8c514fe4b6a46493	1	test	GIH	SAS	female	20260916
NA20910	FC_762c70afc14d35f1	1	train	GIH	SAS	female	20260916
NA20911	FC_dd2eb4c6c7ddcb14	1	train	GIH	SAS	male	20260916
NA21086	FC_e8b127878406c624	1	test	GIH	SAS	female	20260916
NA21087	FC_b3a4ab4d813c3557	1	train	GIH	SAS	male	20260916
NA21088	FC_fc17d50dff43e184	1	train	GIH	SAS	female	20260916
NA21089	FC_d8fe2c10b78ecea7	1	train	GIH	SAS	female	20260916
NA21090	FC_09489eac4856b6a0	1	train	GIH	SAS	male	20260916
NA21091	FC_ec025b957c93e532	1	test	GIH	SAS	male	20260916
NA21092	FC_33a5f8882153b599	1	train	GIH	SAS	male	20260916
NA21093	FC_7685bc8b76af8d8d	1	train	GIH	SAS	male	20260916
NA21094	FC_41aa6e569871c8c6	1	test	GIH	SAS	male	20260916
NA21095	FC_def125ef823e1158	1	validation	GIH	SAS	male	20260916
NA21097	FC_84aed59d0f2f5369	1	test	GIH	SAS	female	20260916
NA21098	FC_bf7a3db5a851eb20	1	train	GIH	SAS	male	20260916
NA21099	FC_590a80fca4581edb	1	train	GIH	SAS	male	20260916
NA21100	FC_5d0232bca3145fdc	1	train	GIH	SAS	male	20260916
NA21101	FC_519165992ea8df26	1	train	GIH	SAS	female	20260916
NA21102	FC_c62758ee9d78ed77	1	train	GIH	SAS	female	20260916
NA21103	FC_4bed0a85843b05b7	1	test	GIH	SAS	female	20260916
NA21104	FC_6ff3f983b7e234f1	1	train	GIH	SAS	male	20260916
NA21105	FC_315c3cdbd66e044d	1	train	GIH	SAS	male	20260916
NA21106	FC_5c66397cdbf73c22	1	validation	GIH	SAS	female	20260916
NA21107	FC_0cf603beddd11858	1	train	GIH	SAS	male	20260916
NA21108	FC_cfae7e3913c29c66	1	train	GIH	SAS	female	20260916
NA21109	FC_7397070b3abddaa0	1	test	GIH	SAS	male	20260916
NA21110	FC_e1a71aa36ddce8d7	1	train	GIH	SAS	female	20260916
NA21111	FC_18dbe790d3875e3c	1	train	GIH	SAS	male	20260916
NA21112	FC_ab2189e7a362373b	1	train	GIH	SAS	male	20260916
NA21113	FC_db795299ca70802b	1	train	GIH	SAS	male	20260916
NA21114	FC_824935e0b7083c93	1	validation	GIH	SAS	male	20260916
NA21115	FC_62af5950ef25f936	1	validation	GIH	SAS	male	20260916
NA21116	FC_86c1ff1dcfe0e15d	1	train	GIH	SAS	male	20260916
NA21117	FC_78dc24facd6aba5b	1	train	GIH	SAS	male	20260916
NA21118	FC_d852e1b4c1415db8	1	test	GIH	SAS	male	20260916
NA21119	FC_301aac751e4405fd	1	test	GIH	SAS	male	20260916
NA21120	FC_e6daf8bd3a486a7d	1	train	GIH	SAS	female	20260916
NA21122	FC_3767f619e9dcb7fc	1	train	GIH	SAS	female	20260916
NA21123	FC_69e66e422cdca541	1	validation	GIH	SAS	male	20260916
NA21124	FC_35174ccca1b7635c	1	train	GIH	SAS	male	20260916
NA21125	FC_94721468cabfa2e1	1	validation	GIH	SAS	female	20260916
NA21126	FC_2b4a790980bf2a7a	1	train	GIH	SAS	male	20260916
NA21127	FC_655707232a013742	1	train	GIH	SAS	male	20260916
NA21128	FC_d00c864232ccfea3	1	train	GIH	SAS	male	20260916
NA21129	FC_79ad351a5b132db0	1	validation	GIH	SAS	male	20260916
NA21130	FC_df998b6e5ed56be8	1	train	GIH	SAS	male	20260916
NA21133	FC_f628bd1795543302	1	train	GIH	SAS	male	20260916
NA21135	FC_8450fe0f988fe068	1	validation	GIH	SAS	male	20260916
NA21137	FC_60edf6b7ec27f36f	1	train	GIH	SAS	female	20260916
NA21141	FC_2cd015848b16e681	1	train	GIH	SAS	female	20260916
NA21142	FC_505e4ddcfea3e247	1	train	GIH	SAS	female	20260916
NA21143	FC_43ba09f4f886b987	1	test	GIH	SAS	female	20260916
NA21144	FC_305303d7cd1a5644	1	train	GIH	SAS	female	20260916
